,index,Player,Pos,Age,Tm,G,GS,MP,FG,FGA,FG%,3P,3PA,3P%,2P,2PA,2P%,eFG%,FT,FTA,FT%,ORB,DRB,TRB,AST,STL,BLK,TOV,PF,PTS
0,0,Precious Achiuwa,C,22,TOR,29,17,24.4,3.3,8.1,.406,0.3,1.2,.257,3.0,6.9,.432,.425,1.0,1.8,.569,2.3,5.2,7.5,1.4,0.6,0.6,1.1,2.2,7.9
1,1,Steven Adams,C,28,MEM,40,40,25.7,2.6,5.0,.530,0.0,0.0,,2.6,5.0,.530,.530,1.7,2.9,.600,4.3,5.1,9.4,3.0,0.8,0.6,1.6,1.7,7.0
2,2,Bam Adebayo,C,24,MIA,18,18,32.9,7.0,13.5,.519,0.0,0.1,.000,7.0,13.4,.521,.519,4.7,6.2,.759,2.7,7.4,10.2,3.2,1.1,0.3,2.9,3.3,18.7
3,3,Santi Aldama,PF,21,MEM,22,0,10.9,1.5,3.9,.376,0.2,1.6,.114,1.3,2.3,.560,.400,0.5,0.9,.579,1.0,1.7,2.7,0.6,0.1,0.3,0.4,1.0,3.6
4,4,LaMarcus Aldridge,C,36,BRK,29,10,22.9,5.7,10.1,.565,0.4,1.2,.343,5.3,8.9,.595,.586,1.5,1.8,.846,1.5,4.1,5.6,0.8,0.4,1.1,0.9,1.7,13.3
5,5,Nickeil Alexander-Walker,SG,23,NOP,38,18,27.1,4.9,13.3,.371,2.1,6.6,.316,2.9,6.8,.424,.449,1.2,1.7,.708,0.8,2.7,3.5,2.6,0.9,0.3,1.7,1.8,13.2
6,6,Grayson Allen,SG,26,MIL,36,35,28.4,4.1,9.9,.414,2.7,7.0,.389,1.4,2.9,.476,.552,1.0,1.1,.854,0.4,2.9,3.4,1.3,0.8,0.4,0.6,1.4,11.9
7,7,Jarrett Allen,C,23,CLE,35,35,32.6,6.9,9.8,.700,0.0,0.2,.125,6.8,9.6,.713,.701,3.0,4.2,.709,3.3,7.5,10.8,1.8,0.9,1.5,1.9,1.8,16.7
8,8,Jose Alvarado,PG,23,NOP,14,0,7.2,0.6,2.1,.276,0.4,1.1,.313,0.2,0.9,.231,.362,0.5,0.8,.636,0.3,0.4,0.6,1.1,0.6,0.1,0.1,0.9,2.0
9,9,Justin Anderson,SF,28,TOT,6,0,12.8,1.0,3.2,.316,0.5,2.5,.200,0.5,0.7,.750,.395,1.0,1.2,.857,0.3,1.3,1.7,1.5,0.3,0.2,0.5,1.5,3.5
10,10,Justin Anderson,SF,28,CLE,3,0,15.7,1.3,2.7,.500,0.7,2.0,.333,0.7,0.7,1.000,.625,1.0,1.3,.750,0.0,2.0,2.0,2.0,0.3,0.0,0.7,1.3,4.3
11,11,Justin Anderson,SF,28,IND,3,0,10.0,0.7,3.7,.182,0.3,3.0,.111,0.3,0.7,.500,.227,1.0,1.0,1.000,0.7,0.7,1.3,1.0,0.3,0.3,0.3,1.7,2.7
12,12,Kyle Anderson,PF,28,MEM,35,7,22.6,3.3,7.4,.438,0.7,2.0,.338,2.6,5.4,.476,.485,1.1,1.6,.673,0.9,4.4,5.3,2.7,1.1,0.6,1.1,1.5,8.3
13,13,Giannis Antetokounmpo,PF,27,MIL,34,34,32.5,10.0,18.4,.541,1.1,3.9,.284,8.9,14.5,.611,.571,7.4,10.5,.700,1.9,9.6,11.4,6.0,1.1,1.4,3.4,3.2,28.4
14,14,Thanasis Antetokounmpo,SF,29,MIL,27,5,12.1,1.4,3.0,.457,0.0,0.4,.091,1.3,2.6,.514,.463,0.6,0.9,.625,1.1,1.7,2.9,0.7,0.5,0.2,0.6,2.0,3.3
15,15,Carmelo Anthony,PF,37,LAL,41,3,27.0,4.5,10.5,.427,2.3,6.0,.389,2.1,4.5,.478,.538,1.9,2.3,.802,0.8,3.3,4.1,1.0,0.8,0.8,0.8,2.3,13.2
16,16,Cole Anthony,PG,21,ORL,28,28,34.0,6.8,16.7,.404,2.6,7.7,.344,4.1,9.0,.455,.483,3.7,4.3,.858,0.6,5.6,6.3,5.9,0.9,0.3,2.8,2.7,19.8
17,17,OG Anunoby,SF,24,TOR,23,23,36.0,7.0,16.0,.439,2.7,7.3,.363,4.4,8.7,.502,.522,2.6,3.2,.808,1.4,3.7,5.1,2.3,1.6,0.4,1.6,2.8,19.3
18,18,Trevor Ariza,SF,36,LAL,8,2,17.8,1.1,2.3,.500,0.9,1.9,.467,0.3,0.4,.667,.694,0.1,0.3,.500,0.4,3.0,3.4,1.3,0.5,0.1,0.3,0.6,3.3
19,19,D.J. Augustin,PG,34,HOU,32,2,15.1,1.6,4.0,.403,1.2,2.9,.402,0.5,1.2,.405,.547,0.9,1.1,.882,0.2,1.0,1.2,2.3,0.3,0.0,1.3,0.5,5.3
20,20,Deni Avdija,SF,21,WAS,42,5,22.9,2.6,6.1,.431,0.8,2.8,.299,1.8,3.3,.543,.500,1.1,1.5,.726,0.7,4.1,4.8,1.6,0.8,0.7,0.9,2.3,7.1
21,21,Joel Ayayi,SG,21,WAS,7,0,2.9,0.1,0.9,.167,0.0,0.1,.000,0.1,0.7,.200,.167,0.0,0.0,,0.1,0.3,0.4,0.6,0.0,0.0,0.0,0.0,0.3
22,22,,,,,,,,,,,,,,,,,,,,,,,,,,,,,
23,23,Deandre Ayton,C,23,PHO,26,26,30.7,7.3,11.6,.631,0.0,0.3,.143,7.3,11.3,.643,.633,2.1,3.0,.705,2.8,8.1,10.9,1.5,0.7,0.8,1.7,2.2,16.8
24,24,Udoka Azubuike,C,22,UTA,6,1,6.7,0.7,0.8,.800,0.0,0.0,,0.7,0.8,.800,.800,0.2,0.3,.500,0.3,1.0,1.3,0.0,0.2,0.3,0.3,0.5,1.5
25,25,Marvin Bagley III,PF,22,SAC,24,11,21.3,3.3,7.7,.429,0.5,2.2,.231,2.8,5.5,.508,.462,1.3,1.8,.738,2.3,4.7,7.0,0.6,0.3,0.3,0.7,1.7,8.4
26,26,LaMelo Ball,PG,20,CHO,36,36,31.9,7.0,16.6,.421,2.7,7.3,.367,4.3,9.3,.463,.502,2.6,2.9,.876,1.6,5.7,7.3,7.6,1.6,0.4,3.0,3.0,19.3
27,27,Lonzo Ball,PG,24,CHI,34,34,35.0,4.6,10.9,.423,3.1,7.4,.424,1.5,3.6,.421,.566,0.6,0.8,.741,1.0,4.5,5.5,5.1,1.9,0.9,2.3,2.4,12.9
28,28,Mo Bamba,C,23,ORL,32,32,28.1,4.0,9.0,.448,1.3,3.8,.333,2.8,5.2,.533,.519,0.7,0.9,.767,2.3,6.2,8.4,1.5,0.8,2.1,1.3,2.5,10.1
29,29,Desmond Bane,SF,23,MEM,42,42,29.9,6.7,14.3,.467,3.0,7.0,.427,3.7,7.3,.507,.572,1.2,1.4,.877,0.5,4.0,4.5,2.4,1.0,0.5,1.5,2.5,17.5
30,30,Dalano Banton,SF,22,TOR,32,1,11.9,1.5,3.7,.410,0.2,0.8,.269,1.3,2.8,.451,.440,0.6,0.8,.750,0.6,1.5,2.1,1.7,0.4,0.2,1.0,1.3,3.8
31,31,Cat Barber,PG,27,ATL,3,0,4.3,0.0,1.3,.000,0.0,0.0,,0.0,1.3,.000,.000,0.0,1.3,.000,0.3,0.7,1.0,1.0,0.0,0.0,0.3,0.3,0.0
32,32,Harrison Barnes,PF,29,SAC,39,39,33.4,5.1,11.2,.453,2.1,4.9,.425,3.0,6.3,.475,.547,4.0,4.9,.826,1.2,4.9,6.1,2.3,0.7,0.2,1.7,1.2,16.3
33,33,Scottie Barnes,PF,20,TOR,32,32,35.5,5.9,12.2,.482,0.8,2.3,.324,5.1,9.9,.519,.513,2.2,3.1,.714,2.9,5.1,8.0,3.5,1.0,0.9,1.9,2.8,14.7
34,34,RJ Barrett,SF,21,NYK,35,35,31.8,6.0,14.3,.418,1.9,5.5,.356,4.1,8.9,.457,.486,2.7,3.9,.696,0.7,4.8,5.5,2.4,0.5,0.3,1.8,2.1,16.6
35,35,Will Barton,SG,31,DEN,34,34,32.8,5.8,13.6,.422,2.3,6.4,.361,3.4,7.2,.478,.508,1.2,1.5,.808,0.6,4.3,4.9,4.2,0.9,0.4,1.9,1.4,15.1
36,36,Paris Bass,SF,26,PHO,2,0,3.5,1.0,3.0,.333,0.0,1.0,.000,1.0,2.0,.500,.333,1.0,1.0,1.000,1.0,1.0,2.0,0.0,0.5,0.0,1.0,1.0,3.0
37,37,Charles Bassey,PF,21,PHI,19,0,7.6,1.3,1.9,.676,0.0,0.2,.000,1.3,1.8,.735,.676,0.4,0.6,.727,0.9,1.9,2.8,0.3,0.2,0.8,0.4,1.4,3.1
38,38,Keita Bates-Diop,SF,26,SAS,33,12,17.1,2.3,4.3,.524,0.3,0.9,.355,1.9,3.4,.571,.563,0.7,1.1,.667,1.1,3.1,4.2,0.7,0.5,0.4,0.8,1.1,5.6
39,39,Nicolas Batum,PF,33,LAC,23,19,25.5,3.0,6.2,.476,1.9,4.9,.393,1.0,1.3,.774,.629,0.3,0.5,.500,0.4,4.2,4.6,1.6,1.0,0.7,0.9,1.3,8.1
40,40,Kent Bazemore,SF,32,LAL,24,14,17.0,1.4,4.2,.327,0.8,2.3,.333,0.6,2.0,.319,.416,0.4,0.5,.769,0.3,1.7,2.0,0.9,0.8,0.3,0.3,2.1,3.9
41,41,Darius Bazley,PF,21,OKC,35,27,26.5,3.3,8.5,.393,0.9,3.4,.275,2.4,5.1,.472,.448,1.3,2.0,.634,1.1,5.2,6.3,1.2,0.7,1.3,1.4,1.0,8.9
42,42,Bradley Beal,SG,28,WAS,34,34,36.0,9.1,20.0,.455,1.6,5.5,.298,7.4,14.4,.515,.496,4.2,5.0,.840,1.0,3.7,4.7,6.4,0.9,0.4,3.4,2.4,24.0
43,43,,,,,,,,,,,,,,,,,,,,,,,,,,,,,
44,44,Malik Beasley,SG,25,MIN,41,9,27.2,4.5,12.0,.374,3.0,8.7,.346,1.5,3.3,.448,.500,0.5,0.7,.741,0.4,2.8,3.2,1.6,0.6,0.1,0.8,1.2,12.5
45,45,Jordan Bell,C,27,CHI,1,0,2.0,0.0,0.0,,0.0,0.0,,0.0,0.0,,,0.0,0.0,,1.0,0.0,1.0,0.0,1.0,0.0,0.0,2.0,0.0
46,46,DeAndre' Bembry,SF,27,BRK,36,15,19.8,2.5,4.3,.591,0.3,0.7,.462,2.2,3.6,.617,.630,0.4,0.8,.593,0.7,2.5,3.2,1.2,1.1,0.6,0.6,2.1,5.8
47,47,Dāvis Bertāns,PF,29,WAS,29,0,15.7,2.0,5.4,.361,1.6,4.6,.338,0.4,0.9,.480,.503,0.9,1.0,.931,0.2,1.8,2.0,0.5,0.4,0.2,0.4,1.7,6.4
48,48,Patrick Beverley,PG,33,MIN,28,24,26.5,3.3,7.8,.427,1.3,4.0,.324,2.0,3.8,.533,.509,1.3,1.8,.725,1.2,3.3,4.5,5.1,1.1,0.9,1.3,2.9,9.3
49,49,Saddiq Bey,SF,22,DET,40,40,33.8,5.3,13.8,.380,2.3,7.1,.329,2.9,6.8,.433,.464,2.4,2.9,.825,1.5,4.8,6.3,2.5,0.9,0.2,1.5,1.7,15.2
50,50,Khem Birch,C,29,TOR,22,6,21.8,2.3,4.6,.500,0.0,0.4,.000,2.3,4.3,.543,.500,1.4,1.9,.738,2.7,2.6,5.4,1.3,0.9,0.5,0.7,1.8,6.0
51,51,Goga Bitadze,C,22,IND,22,0,7.9,0.9,2.8,.328,0.2,1.3,.138,0.7,1.5,.500,.361,0.6,0.9,.650,1.0,1.1,2.1,0.1,0.5,0.5,0.4,1.5,2.6
52,52,Bismack Biyombo,C,29,PHO,4,0,16.3,2.8,4.0,.688,0.0,0.0,,2.8,4.0,.688,.688,1.3,2.0,.625,2.0,3.0,5.0,1.0,0.8,1.8,0.5,1.8,6.8
53,53,Nemanja Bjelica,C,33,GSW,40,0,15.0,2.4,5.3,.455,1.0,2.6,.379,1.4,2.7,.528,.547,0.8,1.2,.667,0.8,3.0,3.9,1.5,0.6,0.3,1.1,1.5,6.6
54,54,Eric Bledsoe,PG,32,LAC,42,29,26.6,3.8,9.0,.426,1.0,3.0,.313,2.9,5.9,.484,.479,1.7,2.1,.778,0.5,3.0,3.5,4.2,1.4,0.4,2.2,1.6,10.2
55,55,Keljin Blevins,SF,26,POR,3,0,4.7,0.7,1.3,.500,0.7,1.0,.667,0.0,0.3,.000,.750,0.0,0.0,,0.0,0.3,0.3,0.3,0.0,0.0,0.7,0.0,2.0
56,56,Bogdan Bogdanović,SG,29,ATL,27,25,28.9,4.6,10.9,.418,2.3,6.3,.361,2.3,4.6,.496,.522,0.9,1.1,.742,0.3,3.5,3.8,2.5,0.7,0.2,1.0,1.8,12.2
57,57,Bojan Bogdanović,PF,32,UTA,41,41,30.6,6.1,12.8,.476,2.6,6.4,.407,3.5,6.4,.546,.578,3.1,3.6,.859,0.8,3.4,4.1,1.6,0.5,0.0,1.7,1.6,17.9
58,58,Bol Bol,PF,22,DEN,14,0,5.8,1.1,1.9,.556,0.1,0.3,.250,1.0,1.6,.609,.574,0.1,0.4,.400,0.3,1.1,1.4,0.4,0.1,0.1,0.3,0.3,2.4
59,59,Leandro Bolmaro,SF,21,MIN,23,2,8.0,0.4,1.4,.281,0.1,0.5,.167,0.3,0.9,.350,.313,0.3,0.4,.889,0.7,0.9,1.5,0.5,0.2,0.0,0.5,0.9,1.2
60,60,Isaac Bonga,SF,22,TOR,12,0,5.3,0.3,1.1,.231,0.1,0.3,.250,0.2,0.8,.222,.269,0.3,0.5,.667,0.3,0.3,0.6,0.3,0.6,0.2,0.2,0.8,0.9
61,61,Devin Booker,SG,25,PHO,33,33,32.8,8.3,19.1,.437,2.6,6.4,.406,5.7,12.6,.453,.506,4.1,4.7,.871,0.8,4.5,5.4,4.4,1.0,0.3,2.7,2.5,23.4
62,62,Brandon Boston Jr.,SG,20,LAC,25,0,15.8,2.4,6.6,.360,0.6,2.3,.276,1.7,4.2,.406,.409,1.4,1.6,.850,0.3,1.9,2.2,0.8,0.6,0.2,0.7,0.7,6.7
63,63,Chris Boucher,PF,29,TOR,36,7,18.3,3.1,6.9,.440,0.6,2.8,.228,2.4,4.1,.584,.486,1.8,2.3,.750,2.0,3.5,5.5,0.4,0.6,1.0,0.7,1.9,8.5
64,64,,,,,,,,,,,,,,,,,,,,,,,,,,,,,
65,65,James Bouknight,SG,21,CHO,18,0,8.2,1.3,3.7,.343,0.6,1.6,.393,0.7,2.2,.308,.425,0.4,0.6,.800,0.8,0.7,1.5,0.8,0.1,0.0,0.3,0.7,3.6
66,66,Avery Bradley,SG,31,LAL,34,29,23.9,2.6,6.2,.422,1.4,3.5,.383,1.3,2.7,.473,.531,0.3,0.3,1.000,0.6,2.0,2.6,0.9,0.9,0.2,0.5,1.9,6.9
67,67,Tony Bradley,C,24,CHI,27,7,12.5,1.7,2.9,.582,0.0,0.0,,1.7,2.9,.582,.582,0.4,0.5,.769,1.5,3.0,4.5,0.5,0.2,0.7,0.6,1.3,3.8
68,68,Ignas Brazdeikis,SF,23,ORL,16,0,9.0,0.8,2.6,.286,0.3,1.4,.182,0.5,1.3,.400,.333,0.3,0.4,.833,0.4,0.9,1.4,0.5,0.3,0.1,0.3,1.0,2.1
69,69,Mikal Bridges,SF,25,PHO,40,40,34.2,5.0,9.6,.517,1.5,3.7,.396,3.5,5.9,.594,.594,1.0,1.2,.851,1.0,3.0,3.9,1.8,1.3,0.5,0.8,2.0,12.4
70,70,Miles Bridges,PF,23,CHO,40,40,36.0,7.4,15.6,.475,1.9,6.0,.318,5.5,9.6,.573,.536,2.9,3.8,.755,1.3,6.0,7.3,3.6,1.2,0.9,1.8,2.6,19.6
71,71,Oshae Brissett,SF,23,IND,31,1,18.5,2.4,5.4,.443,0.9,2.5,.372,1.5,2.9,.506,.530,0.5,1.0,.567,1.4,2.6,4.0,0.7,0.5,0.4,0.7,1.5,6.3
72,72,Malcolm Brogdon,PG,29,IND,27,27,33.6,6.6,14.7,.446,1.7,5.5,.311,4.9,9.2,.526,.504,3.7,4.3,.855,0.9,4.3,5.2,5.9,0.9,0.4,2.2,2.0,18.5
73,73,Armoni Brooks,SG,23,HOU,33,8,18.2,2.5,6.7,.367,1.8,5.6,.317,0.7,1.1,.629,.500,0.5,0.5,.889,0.3,1.7,2.0,1.4,0.6,0.2,0.6,1.6,7.2
74,74,Dillon Brooks,SF,26,MEM,21,20,28.0,6.9,16.2,.426,1.6,4.8,.327,5.3,11.4,.469,.475,3.0,3.4,.889,0.8,2.5,3.3,2.7,1.3,0.2,1.8,3.3,18.4
75,75,Bruce Brown,SF,25,BRK,31,17,22.0,2.9,6.0,.492,0.3,1.0,.333,2.6,5.0,.523,.519,0.6,0.8,.750,1.3,3.2,4.4,1.2,1.2,0.5,0.7,2.7,6.8
76,76,Charlie Brown Jr.,SG,24,TOT,6,0,8.5,0.3,1.7,.200,0.0,1.0,.000,0.3,0.7,.500,.200,0.3,0.5,.667,0.2,1.2,1.3,0.3,1.0,0.3,0.3,0.7,1.0
77,77,Charlie Brown Jr.,SG,24,DAL,3,0,5.0,0.3,1.7,.200,0.0,1.0,.000,0.3,0.7,.500,.200,0.0,0.0,,0.0,0.3,0.3,0.3,0.7,0.3,0.0,0.7,0.7
78,78,Charlie Brown Jr.,SG,24,PHI,3,0,12.0,0.3,1.7,.200,0.0,1.0,.000,0.3,0.7,.500,.200,0.7,1.0,.667,0.3,2.0,2.3,0.3,1.3,0.3,0.7,0.7,1.3
79,79,Chaundee Brown Jr.,SG-SF,23,TOT,5,2,20.8,2.0,6.4,.313,1.2,3.6,.333,0.8,2.8,.286,.406,1.0,1.2,.833,0.2,3.0,3.2,0.8,0.4,0.0,0.2,1.4,6.2
80,80,Chaundee Brown Jr.,SF,23,LAL,2,0,10.5,0.5,3.5,.143,0.0,1.5,.000,0.5,2.0,.250,.143,0.0,0.0,,0.0,1.0,1.0,0.0,0.0,0.0,0.5,0.0,1.0
81,81,Chaundee Brown Jr.,SG,23,ATL,3,2,27.7,3.0,8.3,.360,2.0,5.0,.400,1.0,3.3,.300,.480,1.7,2.0,.833,0.3,4.3,4.7,1.3,0.7,0.0,0.0,2.3,9.7
82,82,Greg Brown III,SF,20,POR,15,0,4.9,0.7,1.8,.370,0.0,0.3,.000,0.7,1.5,.455,.370,0.3,0.7,.364,0.5,0.9,1.3,0.3,0.1,0.3,0.3,0.7,1.6
83,83,Jaylen Brown,SF,25,BOS,28,28,34.8,8.9,19.2,.463,2.9,7.7,.381,6.0,11.5,.517,.539,3.8,4.9,.775,0.9,5.7,6.6,3.0,1.1,0.5,3.1,2.7,24.5
84,84,Moses Brown,C,22,DAL,25,1,6.6,1.1,2.0,.540,0.0,0.0,,1.1,2.0,.540,.540,1.1,1.7,.628,0.6,1.7,2.4,0.0,0.1,0.3,0.6,1.1,3.2
85,85,Sterling Brown,SG,26,DAL,33,3,14.8,1.5,3.7,.413,0.8,2.3,.347,0.7,1.4,.522,.521,0.3,0.3,.909,0.6,3.0,3.7,0.9,0.4,0.2,0.6,1.2,4.1
86,86,Troy Brown Jr.,SF,22,CHI,28,1,14.7,1.7,3.9,.431,0.6,1.7,.340,1.1,2.2,.500,.505,0.4,0.6,.750,0.5,2.4,2.9,1.3,0.7,0.1,0.3,0.9,4.4
87,87,Jalen Brunson,PG,25,DAL,40,22,30.9,6.4,12.8,.499,1.1,3.1,.336,5.4,9.7,.552,.540,2.1,2.8,.773,0.6,3.2,3.8,5.6,0.8,0.1,1.7,1.8,16.0
88,88,Thomas Bryant,C,24,WAS,1,0,12.0,2.0,2.0,1.000,1.0,1.0,1.000,1.0,1.0,1.000,1.250,1.0,2.0,.500,0.0,1.0,1.0,1.0,0.0,0.0,0.0,1.0,6.0
89,89,,,,,,,,,,,,,,,,,,,,,,,,,,,,,
90,90,Shaq Buchanan,PG,25,MEM,2,0,5.0,0.5,2.0,.250,0.0,1.0,.000,0.5,1.0,.500,.250,0.0,0.0,,0.5,0.5,1.0,1.0,0.5,0.0,1.0,0.5,1.0
91,91,Reggie Bullock,SF,30,DAL,34,13,24.1,2.3,6.1,.377,1.4,4.6,.316,0.9,1.5,.558,.495,0.4,0.5,.765,0.2,2.6,2.9,1.1,0.4,0.1,0.5,1.3,6.4
92,92,Trey Burke,PG,29,DAL,19,0,13.6,2.9,6.7,.430,0.8,2.6,.327,2.1,4.2,.494,.492,0.8,0.9,.941,0.1,1.1,1.2,2.1,0.4,0.0,0.8,1.0,7.5
93,93,Alec Burks,SG,30,NYK,41,17,27.7,3.6,9.3,.388,1.9,4.7,.411,1.7,4.6,.365,.492,2.6,3.2,.823,0.5,3.8,4.3,2.5,1.3,0.3,0.9,2.3,11.8
94,94,Jared Butler,SG,21,UTA,20,1,5.7,0.9,2.6,.346,0.5,1.5,.333,0.4,1.1,.364,.442,0.3,0.5,.667,0.1,0.7,0.8,0.7,0.2,0.3,0.8,1.0,2.6
95,95,Jimmy Butler,SF,32,MIA,23,23,33.8,7.8,15.7,.500,0.5,1.9,.250,7.3,13.7,.535,.515,7.0,8.1,.871,1.9,4.0,5.9,5.4,2.0,0.4,2.0,1.3,23.2
96,96,Devontae Cacok,PF,25,SAS,7,0,8.3,2.0,3.0,.667,0.0,0.0,,2.0,3.0,.667,.667,0.0,0.0,,0.7,2.3,3.0,0.3,0.6,0.7,0.1,1.1,4.0
97,97,Kentavious Caldwell-Pope,SG,28,WAS,39,39,29.7,4.2,9.9,.419,2.2,5.5,.391,2.0,4.4,.453,.527,1.2,1.4,.868,0.5,3.2,3.7,1.8,1.2,0.4,1.3,1.8,11.6
98,98,Facundo Campazzo,PG,30,DEN,38,4,22.1,2.1,5.6,.379,1.2,3.5,.328,0.9,2.0,.468,.483,1.2,1.4,.815,0.4,1.8,2.2,4.0,1.1,0.5,1.2,2.2,6.5
99,99,Vlatko Čančar,PF,24,DEN,14,1,10.9,1.6,2.8,.564,0.5,0.9,.583,1.1,1.9,.556,.654,0.6,0.9,.750,0.4,1.2,1.6,0.9,0.1,0.2,0.6,0.9,4.3
100,100,Clint Capela,C,27,ATL,36,36,29.7,5.3,9.3,.569,0.0,0.0,.000,5.3,9.3,.571,.569,1.3,2.7,.464,4.2,8.9,13.1,1.4,0.8,1.5,0.6,2.5,11.8
101,101,Vernon Carey Jr.,C,20,CHO,2,1,6.0,1.5,3.0,.500,0.0,0.0,,1.5,3.0,.500,.500,0.5,0.5,1.000,1.0,0.5,1.5,0.0,0.5,0.0,0.5,0.5,3.5
102,102,Jevon Carter,PG,26,BRK,32,1,11.4,0.9,3.2,.294,0.7,2.4,.299,0.2,0.8,.280,.407,0.1,0.1,.750,0.2,1.3,1.5,0.9,0.4,0.3,0.4,1.0,2.7
103,103,Wendell Carter Jr.,C,22,ORL,37,37,29.4,4.9,10.1,.489,1.2,3.8,.331,3.7,6.4,.583,.551,2.0,2.7,.723,2.2,8.1,10.3,2.7,0.7,0.6,1.6,2.8,13.1
104,104,Alex Caruso,SG,27,CHI,26,9,28.0,2.8,6.3,.448,1.1,3.0,.364,1.7,3.3,.523,.534,1.7,2.0,.830,1.0,2.8,3.7,4.0,2.0,0.3,1.5,2.5,8.4
105,105,Willie Cauley-Stein,C,28,DAL,18,2,9.8,0.9,1.9,.457,0.1,0.1,.500,0.8,1.8,.455,.471,0.1,0.1,.500,0.7,1.4,2.1,0.5,0.3,0.2,0.4,0.9,1.9
106,106,Ahmad Caver,PG,25,IND,1,0,1.0,1.0,1.0,1.000,0.0,0.0,,1.0,1.0,1.000,1.000,0.0,0.0,,0.0,0.0,0.0,0.0,0.0,0.0,0.0,0.0,2.0
107,107,Justin Champagnie,SF,20,TOR,21,0,7.7,1.1,2.2,.511,0.2,0.7,.333,0.9,1.5,.594,.564,0.4,0.4,1.000,1.3,0.7,2.0,0.2,0.2,0.1,0.1,1.0,3.0
108,108,Zylan Cheatham,SF,26,UTA,1,0,5.0,0.0,3.0,.000,0.0,2.0,.000,0.0,1.0,.000,.000,0.0,0.0,,0.0,0.0,0.0,0.0,0.0,0.0,0.0,0.0,0.0
109,109,Chris Chiozza,PG,26,GSW,19,1,11.1,0.7,2.7,.275,0.6,1.7,.344,0.2,1.0,.158,.382,0.1,0.1,1.000,0.4,0.8,1.3,1.7,0.4,0.0,0.9,1.1,2.1
110,110,,,,,,,,,,,,,,,,,,,,,,,,,,,,,
111,111,Marquese Chriss,PF,24,DAL,11,0,11.5,2.5,4.3,.596,0.5,1.0,.455,2.1,3.3,.639,.649,0.5,0.9,.600,0.8,2.9,3.7,0.3,0.2,0.4,0.9,2.8,6.1
112,112,Josh Christopher,SG,20,HOU,35,2,16.0,2.6,5.7,.457,0.7,2.1,.347,1.9,3.5,.524,.523,1.1,1.4,.800,0.7,1.3,2.0,1.7,0.8,0.1,1.5,1.2,7.1
113,113,Gary Clark,PF,27,NOP,10,1,11.7,1.3,2.6,.500,1.2,2.3,.522,0.1,0.3,.333,.731,0.2,0.4,.500,0.6,2.0,2.6,0.4,0.3,0.2,0.3,0.2,4.0
114,114,Brandon Clarke,PF,25,MEM,29,0,17.6,4.1,6.3,.647,0.1,0.5,.133,4.0,5.8,.692,.652,1.2,1.8,.654,1.9,3.3,5.2,1.4,0.3,1.0,0.5,1.7,9.4
115,115,Jordan Clarkson,SG,29,UTA,41,0,26.0,5.6,14.0,.401,2.6,8.2,.319,3.0,5.8,.517,.495,1.5,1.9,.789,0.7,2.7,3.4,2.2,0.7,0.2,1.6,1.8,15.3
116,116,Nic Claxton,C,22,BRK,20,14,22.2,4.0,6.1,.656,0.0,0.0,,4.0,6.1,.656,.656,1.2,2.0,.615,1.9,3.6,5.5,1.0,0.6,1.2,0.8,2.5,9.2
117,117,Amir Coffey,SG,24,LAC,29,7,18.4,1.9,4.3,.448,1.0,2.7,.385,0.9,1.6,.553,.568,1.3,1.6,.867,0.3,2.4,2.8,1.3,0.4,0.2,0.3,1.1,6.2
118,118,John Collins,PF,24,ATL,35,35,32.6,6.5,12.0,.544,1.3,3.1,.439,5.2,9.0,.580,.600,3.0,3.8,.789,1.9,6.1,8.0,2.0,0.7,1.1,1.2,3.0,17.4
119,119,Darren Collison,PG,34,LAL,3,0,12.3,0.7,2.3,.286,0.0,1.0,.000,0.7,1.3,.500,.286,0.0,0.0,,0.0,1.3,1.3,0.7,0.3,0.0,0.3,1.7,1.3
120,120,Mike Conley,PG,34,UTA,37,37,28.4,4.9,10.7,.461,2.4,5.6,.426,2.5,5.1,.500,.573,1.6,2.0,.800,0.6,2.4,3.0,5.3,1.1,0.3,1.5,1.8,13.9
121,121,Pat Connaughton,SG,29,MIL,40,15,28.1,3.9,8.3,.471,2.4,6.0,.395,1.6,2.3,.667,.613,0.7,0.8,.788,0.7,3.9,4.6,1.4,1.0,0.3,0.7,1.3,10.8
122,122,Tyler Cook,PF,24,CHI,9,0,10.4,1.4,2.2,.650,0.0,0.0,,1.4,2.2,.650,.650,1.6,1.8,.875,0.7,1.7,2.3,0.3,0.3,0.1,0.4,1.6,4.4
123,123,Sharife Cooper,PG,20,ATL,10,0,3.5,0.3,1.4,.214,0.1,0.6,.167,0.2,0.8,.250,.250,0.0,0.0,,0.0,0.5,0.5,0.5,0.0,0.0,0.5,0.1,0.7
124,124,Petr Cornelie,PF,26,DEN,13,0,2.9,0.4,1.2,.333,0.1,0.6,.125,0.3,0.5,.571,.367,0.2,0.3,.750,0.5,0.5,1.1,0.2,0.1,0.1,0.3,0.5,1.1
125,125,DeMarcus Cousins,C,31,MIL,17,5,16.9,3.2,6.9,.466,0.8,2.8,.271,2.5,4.1,.600,.521,1.8,2.2,.816,1.4,4.4,5.8,1.1,0.9,0.5,0.9,2.7,9.1
126,126,Robert Covington,PF,31,POR,37,29,28.2,2.7,6.6,.407,1.7,4.7,.354,1.0,1.8,.544,.535,0.4,0.4,1.000,0.7,4.5,5.2,1.2,1.4,1.3,1.1,2.5,7.4
127,127,Torrey Craig,SF,31,IND,37,1,17.0,2.2,4.5,.485,0.6,2.1,.308,1.5,2.4,.640,.557,0.6,0.8,.828,1.2,2.2,3.4,1.1,0.4,0.3,0.6,1.6,5.7
128,128,Jae Crowder,PF,31,PHO,34,34,28.3,3.3,8.1,.404,1.9,5.5,.344,1.4,2.6,.528,.520,1.0,1.2,.786,0.4,4.3,4.6,1.4,1.2,0.5,0.9,2.3,9.4
129,129,Jarrett Culver,SG,22,MEM,17,0,10.6,1.8,4.1,.435,0.3,1.3,.227,1.5,2.8,.532,.471,0.4,0.8,.500,0.3,1.4,1.7,1.1,0.5,0.1,0.2,0.9,4.2
130,130,Jarron Cumberland,SG,24,POR,3,0,4.0,0.3,0.7,.500,0.0,0.3,.000,0.3,0.3,1.000,.500,0.0,0.0,,0.3,0.7,1.0,0.3,0.0,0.0,0.0,0.7,0.7
131,131,,,,,,,,,,,,,,,,,,,,,,,,,,,,,
132,132,Cade Cunningham,PG,20,DET,31,31,32.4,5.7,14.8,.386,2.2,6.9,.322,3.5,7.9,.441,.461,1.8,2.1,.846,0.9,4.8,5.7,5.4,1.3,0.6,3.8,2.9,15.4
133,133,Seth Curry,SG,31,PHI,36,36,34.8,6.1,11.9,.515,2.2,5.4,.412,3.9,6.5,.601,.609,1.7,2.0,.873,0.4,2.9,3.3,3.9,0.8,0.1,1.9,2.3,16.2
134,134,Stephen Curry,PG,33,GSW,37,37,34.9,8.6,20.6,.420,5.0,13.1,.384,3.6,7.5,.484,.543,4.5,4.9,.918,0.6,4.8,5.5,6.1,1.4,0.5,3.4,2.1,26.8
135,135,Anthony Davis,C,28,LAL,27,27,35.4,9.3,17.9,.521,0.4,2.1,.179,8.9,15.8,.566,.531,4.3,6.0,.727,2.7,7.1,9.9,2.9,1.2,2.0,2.2,2.3,23.3
136,136,Ed Davis,C,32,CLE,12,2,9.3,0.8,1.0,.750,0.0,0.0,,0.8,1.0,.750,.750,0.1,0.5,.167,0.4,2.7,3.1,0.1,0.3,0.6,0.3,1.4,1.6
137,137,Terence Davis,SG,24,SAC,25,7,16.2,3.2,8.0,.402,1.3,4.4,.297,1.9,3.5,.534,.485,0.9,1.1,.821,0.3,2.6,2.9,1.1,0.7,0.4,1.1,2.2,8.6
138,138,Gabriel Deck,PF,26,OKC,7,0,8.0,1.1,2.0,.571,0.3,0.6,.500,0.9,1.4,.600,.643,0.0,0.0,,0.1,0.7,0.9,0.7,0.1,0.0,0.3,0.3,2.6
139,139,Dewayne Dedmon,C,32,MIA,34,15,17.2,2.5,4.4,.581,0.4,0.6,.600,2.2,3.8,.578,.622,1.0,1.4,.761,1.8,4.4,6.1,0.9,0.4,0.5,0.9,2.2,6.4
140,140,Sam Dekker,PF,27,TOR,1,0,1.0,0.0,0.0,,0.0,0.0,,0.0,0.0,,,0.0,0.0,,0.0,0.0,0.0,0.0,0.0,0.0,0.0,0.0,0.0
141,141,Javin DeLaurier,C,23,MIL,1,0,3.0,0.0,0.0,,0.0,0.0,,0.0,0.0,,,0.0,0.0,,0.0,1.0,1.0,0.0,1.0,0.0,0.0,1.0,0.0
142,142,DeMar DeRozan,PF,32,CHI,36,36,34.8,9.4,19.1,.492,0.7,2.0,.352,8.7,17.1,.508,.510,6.5,7.7,.848,0.8,4.4,5.2,4.7,0.8,0.3,2.1,2.3,26.0
143,143,Cheick Diallo,C,25,DET,3,0,10.3,1.0,2.7,.375,0.0,0.0,,1.0,2.7,.375,.375,1.7,2.0,.833,1.3,2.7,4.0,0.0,0.3,0.0,0.3,2.0,3.7
144,144,Hamidou Diallo,SG,23,DET,33,16,21.9,4.4,8.5,.518,0.4,1.5,.275,4.0,7.0,.571,.543,1.3,2.1,.609,1.0,3.5,4.5,1.4,1.3,0.4,1.1,2.4,10.5
145,145,Gorgui Dieng,C,32,ATL,29,1,9.6,1.2,2.7,.462,0.6,1.4,.405,0.7,1.2,.528,.571,0.6,0.7,.762,0.9,2.3,3.2,0.9,0.3,0.3,0.6,1.3,3.6
146,146,Spencer Dinwiddie,PG,28,WAS,33,33,30.3,4.6,11.5,.397,1.6,5.1,.321,2.9,6.4,.458,.468,2.7,3.4,.796,0.8,3.9,4.7,5.7,0.6,0.2,1.6,2.5,13.5
147,147,Donte DiVincenzo,SG,25,MIL,4,0,16.5,1.0,6.3,.160,1.0,4.3,.235,0.0,2.0,.000,.240,3.0,3.3,.923,1.8,3.5,5.3,0.5,0.3,0.0,1.5,1.3,6.0
148,148,Luka Dončić,PG,22,DAL,26,26,34.8,9.1,20.9,.435,2.5,8.1,.310,6.6,12.8,.514,.494,4.0,5.6,.719,0.7,7.7,8.3,8.8,1.2,0.4,4.7,2.4,24.7
149,149,Luguentz Dort,SF,22,OKC,36,36,32.4,5.6,14.0,.398,2.4,7.6,.309,3.2,6.3,.504,.482,2.8,3.3,.842,0.7,3.4,4.1,1.7,0.9,0.4,1.6,2.9,16.3
150,150,Ayo Dosunmu,SG,22,CHI,35,2,19.5,2.6,4.8,.533,0.7,1.7,.424,1.9,3.1,.591,.607,0.6,1.0,.611,0.4,1.7,2.1,1.2,0.4,0.4,1.0,1.7,6.5
151,151,Damyean Dotson,SG,27,NYK,2,0,10.5,1.0,2.0,.500,0.0,0.5,.000,1.0,1.5,.667,.500,0.0,0.0,,0.0,1.0,1.0,0.5,0.0,0.0,0.0,0.0,2.0
152,152,,,,,,,,,,,,,,,,,,,,,,,,,,,,,
153,153,Devon Dotson,PG,22,CHI,10,0,7.8,1.0,1.9,.526,0.2,0.7,.286,0.8,1.2,.667,.579,0.5,0.8,.625,0.1,0.8,0.9,1.3,0.1,0.0,0.5,0.9,2.7
154,154,Sekou Doumbouya,PF,21,LAL,2,0,8.0,2.5,4.0,.625,0.5,1.0,.500,2.0,3.0,.667,.688,1.5,2.0,.750,1.0,2.0,3.0,0.0,1.5,1.0,1.0,0.5,7.0
155,155,Jeff Dowtin,PG,24,TOT,5,0,6.2,0.6,1.4,.429,0.0,0.4,.000,0.6,1.0,.600,.429,0.0,0.0,,0.2,1.2,1.4,0.6,0.0,0.2,0.2,0.4,1.2
156,156,Jeff Dowtin,PG,24,GSW,4,0,7.0,0.8,1.5,.500,0.0,0.3,.000,0.8,1.3,.600,.500,0.0,0.0,,0.3,1.5,1.8,0.8,0.0,0.3,0.3,0.5,1.5
157,157,Jeff Dowtin,PG,24,MIL,1,0,3.0,0.0,1.0,.000,0.0,1.0,.000,0.0,0.0,,.000,0.0,0.0,,0.0,0.0,0.0,0.0,0.0,0.0,0.0,0.0,0.0
158,158,PJ Dozier,SG,25,DEN,18,0,18.9,2.0,5.5,.364,0.8,2.7,.313,1.2,2.8,.412,.439,0.6,0.7,.769,0.8,2.7,3.5,1.6,0.6,0.3,0.7,1.8,5.4
159,159,Goran Dragić,PG,35,TOR,5,2,18.0,2.6,6.8,.382,0.8,2.8,.286,1.8,4.0,.450,.441,2.0,2.0,1.000,0.4,2.4,2.8,1.8,1.0,0.2,0.2,1.6,8.0
160,160,Andre Drummond,C,28,PHI,35,11,19.2,2.7,5.1,.528,0.0,0.0,.000,2.7,5.1,.531,.528,1.1,2.0,.529,3.0,6.2,9.1,2.0,1.1,1.0,1.6,2.4,6.4
161,161,Chris Duarte,SG,24,IND,34,25,28.6,5.0,11.6,.434,1.8,5.2,.352,3.2,6.4,.500,.513,1.2,1.7,.707,0.6,3.4,4.0,2.1,1.0,0.1,1.7,1.7,13.1
162,162,David Duke Jr.,PG,22,BRK,11,7,20.1,2.3,6.5,.352,0.4,2.0,.182,1.9,4.5,.429,.380,1.1,1.4,.800,2.1,2.5,4.6,1.1,0.6,0.5,0.5,2.4,6.0
163,163,Kevin Durant,PF,33,BRK,35,35,37.2,10.7,20.6,.520,1.9,5.1,.371,8.8,15.5,.569,.566,6.4,7.2,.893,0.6,7.0,7.5,5.9,0.8,0.9,3.0,1.9,29.7
164,164,Jaime Echenique,C,24,WAS,1,0,3.0,0.0,0.0,,0.0,0.0,,0.0,0.0,,,0.0,0.0,,0.0,0.0,0.0,0.0,0.0,0.0,0.0,0.0,0.0
165,165,Anthony Edwards,SG,20,MIN,35,35,35.5,8.2,18.6,.442,3.3,8.8,.371,5.0,9.8,.506,.530,2.7,3.4,.790,1.1,4.3,5.5,3.7,1.6,0.7,3.2,2.4,22.4
166,166,Kessler Edwards,SF,21,BRK,9,2,21.1,2.9,6.7,.433,1.2,3.1,.393,1.7,3.6,.469,.525,0.0,0.0,,1.3,2.9,4.2,1.1,0.9,0.7,1.1,1.4,7.0
167,167,Rob Edwards,SG,25,OKC,2,0,5.5,0.5,2.0,.250,0.5,2.0,.250,0.0,0.0,,.375,0.0,0.0,,0.0,1.5,1.5,0.0,0.0,0.0,0.5,0.0,1.5
168,168,CJ Elleby,SF,21,POR,21,0,8.9,1.2,2.7,.456,0.5,1.4,.345,0.8,1.3,.571,.544,0.3,0.4,.875,0.6,1.4,2.0,0.4,0.2,0.0,0.5,1.2,3.3
169,169,Wayne Ellington,SG,34,LAL,29,8,20.3,2.2,5.5,.403,1.9,5.0,.386,0.3,0.5,.571,.579,0.1,0.2,.800,0.2,1.4,1.7,0.8,0.5,0.1,0.4,1.0,6.5
170,170,Joel Embiid,C,27,PHI,29,29,32.9,8.6,17.9,.482,1.2,3.2,.383,7.4,14.7,.504,.516,8.6,10.7,.809,1.9,8.6,10.5,4.3,1.1,1.4,3.0,2.5,27.1
171,171,James Ennis III,SF,31,TOT,5,0,9.2,1.8,3.6,.500,0.6,1.2,.500,1.2,2.4,.500,.583,0.8,0.8,1.000,0.8,1.2,2.0,0.0,0.4,0.4,0.4,1.0,5.0
172,172,James Ennis III,SF,31,BRK,2,0,7.0,1.0,3.5,.286,0.5,1.0,.500,0.5,2.5,.200,.357,0.0,0.0,,1.0,1.5,2.5,0.0,0.5,0.5,0.0,0.0,2.5
173,173,James Ennis III,SF,31,LAC,2,0,14.0,3.5,5.5,.636,1.0,2.0,.500,2.5,3.5,.714,.727,2.0,2.0,1.000,1.0,1.5,2.5,0.0,0.5,0.5,0.5,2.0,10.0
174,174,James Ennis III,SF,31,DEN,1,0,4.0,0.0,0.0,,0.0,0.0,,0.0,0.0,,,0.0,0.0,,0.0,0.0,0.0,0.0,0.0,0.0,1.0,1.0,0.0
175,175,Drew Eubanks,C,24,SAS,37,8,12.7,1.8,3.4,.516,0.0,0.2,.167,1.7,3.2,.533,.520,1.4,1.8,.758,1.1,2.8,4.0,1.1,0.3,0.7,1.1,1.4,4.9
176,176,Tacko Fall,C,26,CLE,11,1,5.4,0.5,1.1,.417,0.0,0.0,,0.5,1.1,.417,.417,0.2,0.6,.286,0.6,1.5,2.1,0.2,0.0,0.5,0.3,0.3,1.1
177,177,Derrick Favors,C,30,OKC,30,12,16.0,2.3,4.7,.493,0.1,0.4,.167,2.3,4.3,.523,.500,0.3,0.6,.556,1.3,3.2,4.6,0.8,0.4,0.2,0.2,1.5,5.1
178,178,,,,,,,,,,,,,,,,,,,,,,,,,,,,,
179,179,Bruno Fernando,C,23,BOS,13,0,2.7,0.2,0.4,.600,0.0,0.0,,0.2,0.4,.600,.600,0.2,0.2,1.000,0.2,0.3,0.5,0.1,0.0,0.2,0.4,0.3,0.6
180,180,Dorian Finney-Smith,PF,28,DAL,40,40,32.2,3.8,8.5,.450,2.0,5.1,.380,1.9,3.4,.556,.565,0.9,1.3,.667,1.5,3.2,4.7,1.9,1.2,0.6,1.0,2.4,10.5
181,181,Malik Fitts,PF,24,UTA,7,0,5.0,0.3,1.3,.222,0.3,0.6,.500,0.0,0.7,.000,.333,0.0,0.0,,0.0,1.4,1.4,0.0,0.0,0.0,0.3,0.4,0.9
182,182,Malachi Flynn,PG,23,TOR,26,1,8.8,1.2,3.3,.349,0.5,1.7,.273,0.7,1.6,.429,.419,0.2,0.3,.571,0.2,0.8,1.1,1.0,0.4,0.1,0.3,0.9,2.9
183,183,Bryn Forbes,SG,28,SAS,39,1,16.9,3.2,7.4,.427,1.5,3.7,.404,1.6,3.6,.451,.530,1.1,1.2,.896,0.1,1.5,1.6,1.0,0.4,0.1,0.8,1.0,8.9
184,184,Aleem Ford,SF,24,ORL,5,0,14.8,1.2,4.0,.300,0.4,3.0,.133,0.8,1.0,.800,.350,0.0,0.0,,0.4,2.6,3.0,0.4,0.2,0.0,0.8,1.4,2.8
185,185,Trent Forrest,PG,23,UTA,31,2,9.0,0.6,1.2,.486,0.0,0.1,.250,0.5,1.1,.515,.500,0.4,0.5,.786,0.3,1.1,1.4,1.0,0.2,0.0,0.8,0.5,1.5
186,186,Evan Fournier,SG,29,NYK,40,40,28.9,4.9,11.8,.416,2.7,6.9,.388,2.3,4.9,.457,.530,1.1,1.5,.733,0.5,2.4,2.9,1.8,0.9,0.2,1.3,1.9,13.6
187,187,De'Aaron Fox,PG,24,SAC,40,40,34.3,7.8,17.2,.452,0.9,3.7,.243,6.9,13.5,.509,.478,4.5,5.9,.751,0.5,3.2,3.7,5.1,1.2,0.4,2.8,2.9,20.9
188,188,Tim Frazier,PG,31,ORL,10,3,20.0,1.3,4.3,.302,0.6,1.7,.353,0.7,2.6,.269,.372,0.5,0.9,.556,0.5,1.4,1.9,3.3,0.3,0.1,1.3,2.4,3.7
189,189,Enes Freedom,C,29,BOS,25,1,12.5,1.8,3.3,.542,0.0,0.2,.250,1.8,3.2,.557,.548,0.6,0.8,.800,2.2,3.1,5.3,0.2,0.2,0.4,0.6,1.2,4.3
190,190,Wenyen Gabriel,PF,24,TOT,6,0,7.2,0.7,2.0,.333,0.2,0.7,.250,0.5,1.3,.375,.375,0.3,0.7,.500,0.7,1.3,2.0,0.3,0.2,0.3,0.2,1.5,1.8
191,191,Wenyen Gabriel,PF,24,BRK,1,0,1.0,0.0,0.0,,0.0,0.0,,0.0,0.0,,,0.0,0.0,,0.0,1.0,1.0,0.0,0.0,0.0,0.0,0.0,0.0
192,192,Wenyen Gabriel,PF,24,LAC,5,0,8.4,0.8,2.4,.333,0.2,0.8,.250,0.6,1.6,.375,.375,0.4,0.8,.500,0.8,1.4,2.2,0.4,0.2,0.4,0.2,1.8,2.2
193,193,Daniel Gafford,C,23,WAS,39,39,22.7,4.2,5.9,.698,0.0,0.0,,4.2,5.9,.698,.698,1.3,1.8,.732,2.4,4.3,6.7,1.1,0.4,1.8,1.0,2.5,9.6
194,194,Danilo Gallinari,PF,33,ATL,31,1,22.4,3.1,7.5,.410,1.5,3.9,.392,1.6,3.7,.430,.511,2.0,2.1,.938,0.6,3.6,4.2,1.4,0.5,0.2,0.6,1.4,9.7
195,195,Langston Galloway,SG,30,TOT,7,0,15.3,0.9,3.7,.231,0.3,2.3,.125,0.6,1.4,.400,.269,0.0,0.0,,0.4,2.1,2.6,1.7,0.1,0.0,0.9,1.0,2.0
196,196,Langston Galloway,SG,30,BRK,4,0,14.5,1.3,3.3,.385,0.5,2.0,.250,0.8,1.3,.600,.462,0.0,0.0,,0.3,1.8,2.0,1.3,0.0,0.0,1.3,1.3,3.0
197,197,Langston Galloway,SG,30,MIL,3,0,16.3,0.3,4.3,.077,0.0,2.7,.000,0.3,1.7,.200,.077,0.0,0.0,,0.7,2.7,3.3,2.3,0.3,0.0,0.3,0.7,0.7
198,198,Darius Garland,PG,22,CLE,36,36,34.3,7.2,15.4,.465,2.6,6.9,.372,4.6,8.5,.541,.549,2.2,2.4,.909,0.5,2.8,3.2,7.6,1.3,0.1,3.6,1.7,19.1
199,199,Marcus Garrett,SG,23,MIA,12,0,10.7,0.4,1.8,.238,0.1,0.3,.250,0.3,1.4,.235,.262,0.2,0.4,.400,0.8,1.2,1.9,0.6,0.4,0.3,0.2,1.3,1.1
200,200,Usman Garuba,PF,19,HOU,15,0,7.0,0.5,1.6,.333,0.1,0.9,.154,0.4,0.7,.545,.375,0.1,0.1,.500,0.6,1.7,2.3,0.5,0.5,0.4,0.2,0.6,1.3
201,201,Luka Garza,C,23,DET,26,5,12.3,1.9,4.4,.430,0.5,1.5,.308,1.4,2.9,.493,.482,1.0,1.6,.643,1.8,1.3,3.1,0.6,0.3,0.2,0.6,1.7,5.3
202,202,Rudy Gay,PF,35,UTA,25,0,19.9,3.2,7.4,.429,1.6,4.2,.377,1.6,3.1,.500,.538,1.3,1.6,.805,1.0,3.7,4.6,1.1,0.5,0.3,0.8,1.9,9.2
203,203,,,,,,,,,,,,,,,,,,,,,,,,,,,,,
204,204,Paul George,SF,31,LAC,26,26,35.5,9.0,21.4,.421,2.7,8.3,.323,6.3,13.0,.484,.484,4.0,4.5,.880,0.4,6.7,7.1,5.5,2.0,0.4,4.2,2.5,24.7
205,205,Taj Gibson,C,36,NYK,25,3,19.0,1.4,2.9,.493,0.2,0.6,.286,1.3,2.4,.542,.521,0.6,0.8,.762,1.6,2.9,4.6,0.8,0.5,0.9,0.7,2.5,3.7
206,206,Josh Giddey,SG,19,OKC,35,35,30.6,4.7,11.6,.401,1.1,3.8,.280,3.6,7.8,.460,.447,0.9,1.3,.681,1.5,5.9,7.4,6.4,1.1,0.5,2.9,1.7,11.3
207,207,Shai Gilgeous-Alexander,PG,23,OKC,35,35,34.9,7.6,18.3,.415,1.7,5.9,.279,5.9,12.3,.480,.460,5.4,6.5,.825,0.6,4.0,4.6,5.2,1.0,0.7,2.4,2.3,22.2
208,208,Anthony Gill,PF,29,WAS,16,0,6.8,1.1,1.7,.667,0.3,0.4,.714,0.8,1.3,.650,.759,0.6,0.8,.833,0.5,1.1,1.6,0.5,0.1,0.1,0.3,1.1,3.2
209,209,Freddie Gillespie,PF,24,ORL,9,2,13.2,1.0,2.4,.409,0.0,0.1,.000,1.0,2.3,.429,.409,0.3,0.8,.429,1.4,2.6,4.0,0.6,0.3,1.0,0.6,2.0,2.3
210,210,Rudy Gobert,C,29,UTA,37,37,32.1,5.5,7.7,.706,0.0,0.0,.000,5.5,7.7,.709,.706,4.6,6.7,.683,3.5,11.5,15.1,1.1,0.8,2.3,1.8,2.7,15.5
211,211,Brandon Goodwin,PG,26,CLE,4,0,20.5,2.8,7.3,.379,0.3,2.0,.125,2.5,5.3,.476,.397,0.5,2.0,.250,0.5,2.5,3.0,3.8,0.8,0.0,1.3,2.3,6.3
212,212,Jordan Goodwin,SG,23,WAS,2,0,3.0,0.0,1.5,.000,0.0,0.5,.000,0.0,1.0,.000,.000,0.0,0.0,,0.0,0.5,0.5,0.0,0.0,0.0,0.0,0.5,0.0
213,213,Aaron Gordon,PF,26,DEN,36,36,31.9,5.5,10.5,.528,0.9,3.0,.312,4.6,7.4,.616,.573,2.3,3.1,.730,1.7,3.9,5.6,2.1,0.6,0.6,1.7,1.9,14.3
214,214,Eric Gordon,SG,33,HOU,36,25,29.2,5.2,10.3,.500,2.4,5.2,.452,2.8,5.1,.549,.614,2.1,2.9,.733,0.2,1.5,1.7,3.4,0.6,0.4,2.3,1.1,14.8
215,215,Devonte' Graham,PG,26,NOP,38,38,31.3,4.6,12.4,.372,3.0,8.4,.355,1.6,3.9,.407,.493,1.7,2.1,.815,0.4,2.1,2.5,4.5,1.0,0.2,1.6,1.5,13.9
216,216,Jerami Grant,PF,27,DET,24,24,33.2,6.6,15.9,.414,1.8,5.3,.331,4.8,10.6,.455,.469,5.2,6.1,.849,1.0,3.9,4.8,2.6,1.1,1.1,2.1,2.3,20.1
217,217,Hassani Gravett,PG,25,ORL,8,3,21.4,2.3,4.8,.474,1.4,3.3,.423,0.9,1.5,.583,.618,0.4,0.5,.750,0.1,2.5,2.6,2.5,0.6,0.1,1.1,1.6,6.3
218,218,Danny Green,SF,34,PHI,29,21,23.7,2.3,5.6,.407,1.8,4.8,.381,0.4,0.8,.565,.571,0.3,0.3,.900,0.6,2.0,2.6,1.1,1.3,0.9,0.9,1.8,6.7
219,219,Draymond Green,PF,31,GSW,34,34,29.9,3.2,5.9,.537,0.4,1.2,.286,2.8,4.7,.604,.567,1.2,2.0,.597,1.1,6.4,7.6,7.4,1.4,1.2,3.1,2.8,7.9
220,220,Jalen Green,SG,19,HOU,28,28,30.2,5.0,12.7,.397,2.0,6.4,.311,3.0,6.3,.486,.476,3.1,3.8,.821,0.3,2.9,3.2,2.1,0.6,0.2,2.5,1.4,15.2
221,221,JaMychal Green,PF,31,DEN,35,7,14.9,2.1,4.8,.437,0.5,2.2,.250,1.5,2.6,.593,.494,1.0,1.2,.857,0.9,2.8,3.7,0.8,0.7,0.5,0.9,2.2,5.7
222,222,Javonte Green,SF,28,CHI,29,18,22.2,2.1,4.3,.496,0.4,1.1,.364,1.7,3.2,.543,.544,1.1,1.4,.800,1.5,2.7,4.2,1.0,0.8,0.4,0.6,2.1,5.8
223,223,Jeff Green,C,35,DEN,36,24,24.7,3.6,7.3,.496,0.8,2.4,.318,2.9,4.9,.585,.549,2.1,2.6,.796,0.5,2.5,3.1,1.1,0.3,0.5,1.1,2.3,10.1
224,224,,,,,,,,,,,,,,,,,,,,,,,,,,,,,
225,225,Josh Green,SG,21,DAL,26,0,11.7,1.7,2.9,.573,0.2,0.6,.333,1.5,2.3,.633,.607,0.5,0.7,.737,0.6,1.4,2.0,1.0,0.5,0.2,0.4,1.4,4.0
226,226,Blake Griffin,PF,32,BRK,31,20,19.0,2.2,5.9,.366,0.6,2.7,.212,1.6,3.2,.500,.415,1.1,1.6,.694,1.1,3.4,4.5,2.0,0.6,0.4,0.5,2.0,6.0
227,227,Quentin Grimes,SG,21,NYK,24,2,13.7,1.7,4.3,.388,1.4,3.6,.384,0.3,0.7,.412,.549,0.2,0.3,.625,0.2,1.3,1.4,0.9,0.5,0.2,0.6,1.2,4.9
228,228,Kyle Guy,SG,24,MIA,6,0,17.2,3.0,5.8,.514,1.5,3.3,.450,1.5,2.5,.600,.643,0.7,0.8,.800,0.2,1.2,1.3,2.3,0.7,0.2,0.8,1.5,8.2
229,229,Rui Hachimura,PF,23,WAS,3,0,13.7,2.0,6.0,.333,0.0,1.7,.000,2.0,4.3,.462,.333,1.3,2.3,.571,0.3,1.7,2.0,0.7,0.0,0.0,0.7,0.7,5.3
230,230,Tyrese Haliburton,SG,21,SAC,42,42,34.1,5.2,11.1,.469,2.1,4.7,.437,3.1,6.4,.493,.562,1.4,1.7,.814,0.7,3.1,3.8,7.0,1.7,0.7,2.2,1.4,13.9
231,231,Tyler Hall,SG,24,NYK,1,0,2.0,0.0,0.0,,0.0,0.0,,0.0,0.0,,,0.0,0.0,,0.0,0.0,0.0,0.0,0.0,0.0,0.0,0.0,0.0
232,232,R.J. Hampton,SG,20,ORL,38,1,19.5,2.6,6.7,.387,1.0,2.6,.374,1.6,4.1,.396,.460,1.2,1.9,.603,0.3,2.6,2.9,2.5,0.6,0.2,1.4,1.5,7.3
233,233,Tim Hardaway Jr.,SG,29,DAL,35,20,30.6,5.1,13.0,.395,2.4,7.4,.328,2.7,5.6,.482,.488,1.8,2.4,.747,0.4,3.5,3.9,2.4,1.0,0.2,0.7,1.8,14.5
234,234,James Harden,PG,32,BRK,35,35,36.7,6.5,15.6,.418,2.4,7.1,.340,4.1,8.4,.485,.496,7.1,8.1,.873,0.9,7.1,8.1,9.9,1.3,0.7,4.7,2.4,22.5
235,235,Maurice Harkless,SF,28,SAC,29,14,18.3,1.6,3.5,.441,0.6,2.0,.271,1.0,1.5,.674,.520,0.3,0.4,.692,0.2,2.1,2.3,0.5,0.4,0.6,0.6,1.6,4.0
236,236,Jared Harper,PG,24,NOP,2,0,5.0,1.5,3.5,.429,0.5,1.0,.500,1.0,2.5,.400,.500,0.0,0.0,,0.5,0.0,0.5,1.5,0.0,0.5,0.5,1.0,3.5
237,237,Montrezl Harrell,C,28,WAS,35,3,25.2,5.5,8.4,.647,0.1,0.3,.300,5.4,8.1,.660,.653,3.5,4.7,.738,2.2,5.1,7.3,2.2,0.5,0.6,1.1,1.8,14.5
238,238,Gary Harris,SG,27,ORL,35,25,29.4,4.3,9.6,.448,1.7,4.7,.366,2.6,4.9,.526,.537,1.4,1.6,.842,0.7,1.5,2.3,1.9,0.9,0.2,1.3,2.0,11.7
239,239,Joe Harris,SF,30,BRK,14,14,30.2,4.0,8.9,.452,2.9,6.3,.466,1.1,2.6,.417,.617,0.4,0.4,.833,0.4,3.6,4.0,1.0,0.5,0.1,1.1,2.2,11.3
240,240,Tobias Harris,PF,29,PHI,31,31,34.7,6.9,15.3,.455,1.1,3.8,.299,5.8,11.5,.506,.492,3.4,3.9,.852,1.2,6.4,7.5,3.9,0.5,0.6,1.7,2.0,18.4
241,241,Shaquille Harrison,SG,28,BRK,2,0,11.5,1.0,3.0,.333,0.0,1.0,.000,1.0,2.0,.500,.333,0.0,0.0,,0.5,1.5,2.0,1.5,0.5,0.5,1.0,1.5,2.0
242,242,Josh Hart,PF,26,NOP,32,31,32.9,4.8,9.2,.519,1.0,3.0,.337,3.8,6.3,.605,.573,2.6,3.4,.755,1.3,6.1,7.4,4.4,0.9,0.3,2.0,3.0,13.2
243,243,Isaiah Hartenstein,C,23,LAC,29,0,16.4,3.2,4.9,.662,0.1,0.1,.667,3.2,4.8,.662,.669,1.1,1.7,.653,1.8,2.9,4.7,1.9,0.8,1.3,1.0,2.6,7.7
244,244,Udonis Haslem,C,41,MIA,8,0,6.5,1.3,2.5,.500,0.1,0.3,.500,1.1,2.3,.500,.525,0.4,0.4,1.000,0.5,1.6,2.1,0.3,0.1,0.1,0.3,1.4,3.0
245,245,,,,,,,,,,,,,,,,,,,,,,,,,,,,,
246,246,Sam Hauser,SF,24,BOS,7,0,4.4,0.4,1.6,.273,0.4,1.6,.273,0.0,0.0,,.409,0.0,0.0,,0.1,0.4,0.6,0.1,0.1,0.1,0.0,0.1,1.3
247,247,Jaxson Hayes,C,21,NOP,29,0,13.7,2.4,4.2,.561,0.1,0.5,.286,2.2,3.8,.596,.577,1.8,2.3,.773,1.3,2.2,3.5,0.3,0.3,0.6,0.7,1.9,6.7
248,248,Killian Hayes,PG,20,DET,30,30,26.0,2.3,6.7,.342,0.9,2.9,.299,1.4,3.8,.374,.406,0.8,1.0,.862,0.5,2.5,3.0,3.7,1.2,0.4,1.6,2.5,6.3
249,249,Gordon Hayward,SF,31,CHO,41,41,33.3,6.2,13.2,.471,1.8,4.6,.392,4.4,8.6,.514,.540,3.0,3.5,.859,0.8,4.0,4.8,3.8,0.9,0.5,1.7,1.7,17.3
250,250,Aaron Henry,SF,22,PHI,6,0,2.8,0.2,0.8,.200,0.0,0.2,.000,0.2,0.7,.250,.200,0.0,0.0,,0.0,0.2,0.2,0.0,0.0,0.3,0.3,0.3,0.3
251,251,Juancho Hernangómez,PF,26,BOS,18,0,5.3,0.3,1.5,.185,0.2,1.0,.167,0.1,0.5,.222,.241,0.3,0.5,.667,0.5,0.9,1.4,0.2,0.2,0.1,0.3,0.4,1.1
252,252,Willy Hernangómez,C,27,NOP,23,3,14.9,3.0,5.4,.560,0.1,0.1,.667,3.0,5.3,.557,.568,1.6,2.2,.706,2.4,4.3,6.7,1.2,0.3,0.2,0.9,1.7,7.7
253,253,Tyler Herro,SG,22,MIA,35,10,32.9,7.7,18.1,.429,2.7,6.9,.383,5.1,11.1,.458,.502,2.5,2.9,.871,0.7,4.3,5.1,4.1,0.6,0.2,2.9,1.4,20.7
254,254,Buddy Hield,SG,29,SAC,44,6,29.2,5.1,13.0,.392,3.5,9.3,.380,1.6,3.7,.421,.528,1.5,1.8,.870,0.7,3.2,3.8,2.0,0.9,0.3,1.5,2.0,15.3
255,255,Haywood Highsmith,SF,25,MIA,4,0,10.5,1.0,2.0,.500,1.0,1.8,.571,0.0,0.3,.000,.750,0.0,0.0,,0.5,0.8,1.3,0.0,0.0,0.3,0.0,0.8,3.0
256,256,George Hill,SG,35,MIL,33,12,25.6,2.6,5.8,.445,0.8,2.8,.308,1.7,3.0,.570,.518,1.1,1.2,.947,0.8,2.3,3.2,2.4,0.8,0.2,0.9,1.5,7.1
257,257,Malcolm Hill,SG,26,ATL,3,0,15.3,1.7,2.7,.625,1.0,1.7,.600,0.7,1.0,.667,.813,1.3,1.3,1.000,0.7,1.3,2.0,0.3,1.3,0.3,0.0,2.3,5.7
258,258,Solomon Hill,PF,30,ATL,13,1,10.7,0.2,1.5,.150,0.2,1.0,.154,0.1,0.5,.143,.200,0.0,0.0,,0.5,1.3,1.8,0.9,0.3,0.2,0.1,1.2,0.6
259,259,Nate Hinton,SG,22,IND,2,0,1.0,0.0,0.5,.000,0.0,0.0,,0.0,0.5,.000,.000,0.0,0.0,,0.0,0.0,0.0,0.0,0.0,0.0,0.5,0.0,0.0
260,260,Jaylen Hoard,SF,22,OKC,1,0,2.0,0.0,1.0,.000,0.0,0.0,,0.0,1.0,.000,.000,0.0,0.0,,1.0,1.0,2.0,0.0,0.0,0.0,0.0,0.0,0.0
261,261,Aaron Holiday,PG,25,WAS,33,10,16.7,2.5,5.4,.472,0.6,1.6,.365,2.0,3.8,.516,.525,0.6,0.7,.792,0.1,1.5,1.6,1.9,0.6,0.2,0.9,1.5,6.2
262,262,Jrue Holiday,PG,31,MIL,33,32,33.2,7.4,14.9,.499,1.8,4.8,.382,5.6,10.1,.554,.560,1.7,2.4,.709,0.9,3.7,4.6,6.7,1.6,0.6,2.8,1.8,18.4
263,263,Justin Holiday,SF,32,IND,36,27,28.4,3.6,9.1,.393,2.4,6.8,.354,1.1,2.2,.513,.526,0.7,0.9,.839,0.3,2.6,2.9,1.6,0.6,0.3,1.0,2.1,10.3
264,264,Richaun Holmes,C,28,SAC,27,27,26.1,5.3,7.7,.692,0.1,0.1,.500,5.3,7.6,.696,.697,1.9,2.3,.806,2.5,6.2,8.7,1.3,0.3,1.0,1.4,3.1,12.6
265,265,Rodney Hood,SF,29,MIL,32,0,16.1,1.3,3.6,.357,0.7,2.3,.315,0.6,1.3,.429,.457,0.4,0.4,.929,0.3,1.6,1.9,0.8,0.3,0.1,0.2,0.8,3.7
266,266,,,,,,,,,,,,,,,,,,,,,,,,,,,,,
267,267,Scotty Hopson,SG,32,OKC,1,0,18.0,2.0,4.0,.500,0.0,1.0,.000,2.0,3.0,.667,.500,0.0,0.0,,0.0,1.0,1.0,1.0,0.0,0.0,2.0,1.0,4.0
268,268,Al Horford,C,35,BOS,33,33,29.4,4.0,9.2,.432,1.2,4.2,.279,2.8,4.9,.564,.497,1.7,1.9,.859,1.5,6.0,7.5,3.8,0.7,1.4,1.1,2.1,10.8
269,269,Talen Horton-Tucker,SG,21,LAL,26,15,27.6,4.2,10.2,.409,0.8,3.3,.247,3.3,6.9,.486,.449,1.8,2.2,.821,0.7,3.1,3.8,2.7,1.0,0.4,1.6,2.8,10.9
270,270,Danuel House Jr.,SF,28,TOT,20,1,14.5,1.5,4.4,.345,0.7,2.2,.318,0.8,2.2,.372,.425,1.0,1.1,.905,0.3,2.2,2.5,1.2,0.3,0.3,1.0,1.1,4.7
271,271,Danuel House Jr.,SF,28,HOU,16,1,14.6,1.6,4.6,.338,0.6,2.1,.294,0.9,2.5,.375,.405,1.1,1.2,.895,0.3,2.4,2.7,1.2,0.3,0.3,1.1,1.0,4.8
272,272,Danuel House Jr.,SF,28,NYK,1,0,3.0,0.0,1.0,.000,0.0,1.0,.000,0.0,0.0,,.000,0.0,0.0,,0.0,0.0,0.0,0.0,0.0,0.0,0.0,0.0,0.0
273,273,Danuel House Jr.,SF,28,UTA,3,0,18.0,1.7,4.0,.417,1.3,3.0,.444,0.3,1.0,.333,.583,0.7,0.7,1.000,0.7,1.7,2.3,1.7,0.3,0.3,0.3,2.0,5.3
274,274,Dwight Howard,C,36,LAL,32,6,14.7,1.9,3.0,.619,0.2,0.3,.750,1.7,2.8,.607,.649,1.2,2.0,.609,1.8,3.7,5.5,0.6,0.7,0.6,0.8,1.9,5.2
275,275,Markus Howard,SG,22,DEN,16,0,7.3,1.4,3.9,.355,1.1,2.9,.391,0.3,1.0,.250,.500,0.4,0.5,.875,0.0,0.3,0.3,0.3,0.4,0.0,0.4,0.7,4.3
276,276,Kevin Huerter,SG,23,ATL,33,20,28.5,4.5,9.6,.462,1.7,4.8,.358,2.7,4.8,.566,.552,0.6,0.8,.778,0.3,3.0,3.4,2.7,0.5,0.2,1.4,2.0,11.3
277,277,Jay Huff,C,23,LAL,4,0,5.0,0.0,0.8,.000,0.0,0.5,.000,0.0,0.3,.000,.000,0.0,0.0,,0.3,0.8,1.0,0.3,0.3,0.3,0.3,0.3,0.0
278,278,Elijah Hughes,SF,23,UTA,10,1,6.2,1.0,1.9,.526,0.7,1.4,.500,0.3,0.5,.600,.711,0.3,0.3,1.000,0.0,0.9,0.9,0.4,0.2,0.0,0.4,0.4,3.0
279,279,De'Andre Hunter,SF,24,ATL,12,11,27.6,4.5,10.2,.443,1.5,3.5,.429,3.0,6.7,.450,.516,0.7,1.2,.571,0.3,2.3,2.6,0.6,0.7,0.3,1.2,2.7,11.2
280,280,Chandler Hutchison,SF,25,PHO,6,0,3.7,0.2,0.3,.500,0.0,0.0,,0.2,0.3,.500,.500,0.3,0.3,1.000,0.0,0.8,0.8,0.3,0.0,0.0,0.7,0.2,0.7
281,281,Bones Hyland,PG,21,DEN,29,0,16.6,2.7,7.7,.351,1.4,4.7,.309,1.2,3.0,.419,.446,1.0,1.1,.875,0.2,2.0,2.2,1.6,0.5,0.2,0.9,2.0,7.8
282,282,Serge Ibaka,C,32,LAC,23,7,16.0,2.5,5.3,.471,0.7,1.8,.381,1.8,3.4,.519,.537,0.6,0.9,.667,1.0,3.0,4.0,1.2,0.2,0.6,1.2,1.8,6.3
283,283,Andre Iguodala,SF,38,GSW,21,0,20.8,1.7,4.2,.404,0.6,2.5,.226,1.1,1.7,.667,.472,0.4,0.6,.750,0.7,2.9,3.6,4.2,0.8,0.7,0.8,1.0,4.4
284,284,Joe Ingles,SF,34,UTA,37,9,24.9,2.6,6.3,.422,1.8,4.9,.368,0.8,1.4,.620,.567,0.4,0.5,.778,0.3,2.6,2.9,3.5,0.5,0.1,1.2,1.8,7.5
285,285,Brandon Ingram,SF,24,NOP,32,32,34.7,8.3,18.6,.447,1.7,4.8,.353,6.6,13.8,.480,.492,4.6,5.5,.825,0.8,5.3,6.1,5.1,0.6,0.3,2.8,2.0,22.9
286,286,Kyrie Irving,PG,29,BRK,3,3,32.0,7.3,16.0,.458,1.3,4.3,.308,6.0,11.7,.514,.500,1.7,1.7,1.000,0.3,4.7,5.0,3.7,1.3,0.7,2.3,1.7,17.7
287,287,Wes Iwundu,SF,27,ATL,3,1,27.3,2.7,6.0,.444,1.0,1.7,.600,1.7,4.3,.385,.528,1.0,1.3,.750,1.0,3.3,4.3,0.0,0.3,0.0,0.3,2.7,7.3
288,288,Frank Jackson,PG,23,DET,33,5,22.7,3.7,9.2,.403,1.9,5.6,.333,1.8,3.6,.513,.505,1.3,1.6,.830,0.3,1.2,1.5,0.9,0.5,0.2,0.8,1.6,10.7
289,289,Isaiah Jackson,PF,20,IND,10,0,5.4,0.8,1.8,.444,0.0,0.0,,0.8,1.8,.444,.444,0.4,0.8,.500,0.6,1.1,1.7,0.0,0.2,0.3,0.1,0.9,2.0
290,290,,,,,,,,,,,,,,,,,,,,,,,,,,,,,
291,291,Jaren Jackson Jr.,PF,22,MEM,42,42,27.4,5.5,13.5,.409,1.8,5.7,.313,3.7,7.7,.480,.475,3.5,4.2,.840,1.3,4.3,5.6,1.1,1.1,2.0,1.7,3.4,16.3
292,292,Josh Jackson,SF,24,DET,31,3,18.7,3.0,7.1,.420,0.9,3.1,.278,2.1,3.9,.533,.482,1.0,1.4,.705,0.5,2.7,3.3,1.4,0.5,0.4,1.1,1.8,7.8
293,293,Justin Jackson,SF,26,TOT,4,0,6.3,1.3,2.0,.625,0.8,1.3,.600,0.5,0.8,.667,.813,0.5,0.5,1.000,0.3,1.3,1.5,0.0,0.0,0.0,0.3,0.5,3.8
294,294,Justin Jackson,SF,26,BOS,1,0,2.0,0.0,1.0,.000,0.0,0.0,,0.0,1.0,.000,.000,2.0,2.0,1.000,0.0,0.0,0.0,0.0,0.0,0.0,0.0,0.0,2.0
295,295,Justin Jackson,SF,26,PHO,3,0,7.7,1.7,2.3,.714,1.0,1.7,.600,0.7,0.7,1.000,.929,0.0,0.0,,0.3,1.7,2.0,0.0,0.0,0.0,0.3,0.7,4.3
296,296,Reggie Jackson,SG,31,LAC,38,38,31.8,6.3,16.2,.386,2.6,7.7,.332,3.7,8.6,.434,.464,1.6,1.9,.845,0.5,2.9,3.4,3.9,0.8,0.1,2.2,2.0,16.7
297,297,LeBron James,SF,37,LAL,30,30,36.9,10.9,20.7,.524,2.9,7.9,.366,8.0,12.8,.622,.594,4.4,5.8,.769,1.1,6.3,7.4,6.6,1.7,1.1,3.2,2.3,29.1
298,298,DeJon Jarreau,SG,24,IND,1,0,1.0,0.0,0.0,,0.0,0.0,,0.0,0.0,,,0.0,0.0,,0.0,0.0,0.0,0.0,0.0,0.0,0.0,0.0,0.0
299,299,DaQuan Jeffries,SG,24,MEM,3,0,3.0,0.3,0.7,.500,0.0,0.3,.000,0.3,0.3,1.000,.500,0.0,0.0,,0.0,0.7,0.7,0.3,0.0,0.0,0.0,0.3,0.7
300,300,Ty Jerome,SG,24,OKC,31,3,14.8,2.6,6.5,.403,0.9,3.3,.282,1.7,3.2,.531,.475,0.9,1.2,.806,0.5,1.1,1.5,1.6,0.6,0.1,0.7,1.3,7.1
301,301,Isaiah Joe,SG,22,PHI,25,0,12.0,1.3,3.7,.344,0.9,2.8,.333,0.4,1.0,.375,.468,0.6,0.6,.933,0.1,1.2,1.4,0.8,0.2,0.1,0.3,0.8,4.0
302,302,Alize Johnson,PF,25,TOT,19,0,7.3,0.7,1.5,.483,0.0,0.2,.000,0.7,1.3,.560,.483,0.2,0.4,.500,1.1,1.4,2.5,0.4,0.2,0.0,0.6,0.8,1.7
303,303,Alize Johnson,PF,25,CHI,16,0,7.6,0.8,1.4,.522,0.0,0.1,.000,0.8,1.3,.571,.522,0.3,0.4,.571,1.0,1.3,2.3,0.5,0.2,0.0,0.5,0.9,1.8
304,304,Alize Johnson,PF,25,WAS,3,0,6.0,0.7,2.0,.333,0.0,0.7,.000,0.7,1.3,.500,.333,0.0,0.3,.000,1.7,2.3,4.0,0.0,0.0,0.0,1.0,0.0,1.3
305,305,B.J. Johnson,SF,26,ORL,4,0,16.3,2.8,6.3,.440,1.0,2.5,.400,1.8,3.8,.467,.520,0.0,0.0,,1.5,2.3,3.8,0.0,0.0,0.3,0.0,1.0,6.5
306,306,Cameron Johnson,PF,25,PHO,39,6,25.6,4.1,8.9,.458,2.5,5.8,.438,1.6,3.2,.496,.600,1.2,1.5,.825,0.6,3.6,4.3,1.3,0.8,0.3,0.7,1.6,11.9
307,307,David Johnson,SG,20,TOR,2,0,1.0,0.0,0.5,.000,0.0,0.5,.000,0.0,0.0,,.000,0.0,0.0,,0.0,0.0,0.0,0.0,0.0,0.0,0.0,0.0,0.0
308,308,Jalen Johnson,PF,20,ATL,11,0,4.7,0.7,1.5,.471,0.2,0.5,.333,0.5,1.0,.545,.529,0.4,0.5,.667,0.0,1.2,1.2,0.1,0.0,0.0,0.2,0.3,2.0
309,309,James Johnson,PF,34,BRK,28,2,17.5,2.0,4.2,.483,0.3,1.0,.250,1.8,3.2,.556,.513,0.2,0.6,.353,0.9,2.6,3.5,1.7,0.4,0.4,0.6,2.0,4.5
310,310,Joe Johnson,SG,40,BOS,1,0,2.0,1.0,1.0,1.000,0.0,0.0,,1.0,1.0,1.000,1.000,0.0,0.0,,0.0,0.0,0.0,0.0,0.0,0.0,0.0,0.0,2.0
311,311,Keldon Johnson,SF,22,SAS,37,36,30.7,5.6,12.3,.455,1.6,3.5,.443,4.0,8.8,.460,.519,2.0,2.9,.692,1.1,5.4,6.5,1.7,0.8,0.1,1.4,1.8,14.8
312,312,Keon Johnson,SG,19,LAC,15,0,9.0,1.1,3.4,.333,0.2,0.7,.273,0.9,2.7,.350,.363,1.1,1.4,.762,0.4,1.0,1.4,0.9,0.5,0.1,0.5,1.4,3.5
313,313,Stanley Johnson,PF,25,LAL,8,5,21.3,2.0,4.4,.457,0.8,2.6,.286,1.3,1.8,.714,.543,1.1,1.3,.900,0.4,2.0,2.4,1.3,1.0,0.4,0.5,3.6,5.9
314,314,Tyler Johnson,PG,29,TOT,6,0,15.2,1.0,3.3,.300,0.8,2.2,.385,0.2,1.2,.143,.425,0.0,0.0,,0.5,1.5,2.0,1.2,0.5,0.5,0.3,1.2,2.8
315,315,Tyler Johnson,PG,29,PHI,3,0,12.7,1.3,3.3,.400,1.0,2.3,.429,0.3,1.0,.333,.550,0.0,0.0,,0.3,1.7,2.0,0.7,0.3,0.3,0.3,1.3,3.7
316,316,Tyler Johnson,PG,29,SAS,3,0,17.7,0.7,3.3,.200,0.7,2.0,.333,0.0,1.3,.000,.300,0.0,0.0,,0.7,1.3,2.0,1.7,0.7,0.7,0.3,1.0,2.0
317,317,,,,,,,,,,,,,,,,,,,,,,,,,,,,,
318,318,Nikola Jokić,C,26,DEN,34,34,32.8,10.1,17.9,.563,1.5,4.2,.354,8.6,13.6,.627,.604,4.1,5.3,.772,2.8,11.4,14.1,7.0,1.4,0.8,3.6,2.4,25.7
319,319,Carlik Jones,PG,24,TOT,5,0,4.6,0.2,1.8,.111,0.0,0.2,.000,0.2,1.6,.125,.111,0.4,0.4,1.000,0.2,0.4,0.6,1.0,0.2,0.0,0.6,0.0,0.8
320,320,Carlik Jones,PG,24,DAL,3,0,6.3,0.0,2.3,.000,0.0,0.3,.000,0.0,2.0,.000,.000,0.7,0.7,1.000,0.3,0.7,1.0,1.7,0.3,0.0,1.0,0.0,0.7
321,321,Carlik Jones,PG,24,DEN,2,0,2.0,0.5,1.0,.500,0.0,0.0,,0.5,1.0,.500,.500,0.0,0.0,,0.0,0.0,0.0,0.0,0.0,0.0,0.0,0.0,1.0
322,322,Damian Jones,C,26,SAC,25,4,14.2,2.2,3.6,.618,0.1,0.4,.273,2.1,3.1,.667,.635,1.3,1.8,.717,1.5,2.7,4.2,0.8,0.1,0.4,1.0,2.0,5.8
323,323,Derrick Jones Jr.,PF,24,CHI,31,8,17.2,2.3,3.9,.582,0.5,1.2,.405,1.8,2.7,.659,.643,1.3,1.5,.848,1.2,2.2,3.4,0.5,0.5,0.7,0.5,2.3,6.3
324,324,Herbert Jones,C,23,NOP,38,29,28.7,3.3,7.0,.479,0.6,1.6,.373,2.8,5.4,.510,.521,1.4,1.7,.818,1.2,2.4,3.7,1.8,1.4,1.0,1.1,3.0,8.7
325,325,Jemerrio Jones,SF,26,LAL,2,0,7.5,1.0,1.5,.667,0.0,0.0,,1.0,1.5,.667,.667,0.0,0.0,,1.0,0.5,1.5,0.0,0.5,0.0,0.0,1.0,2.0
326,326,Kai Jones,C,21,CHO,12,0,2.8,0.3,0.5,.667,0.0,0.1,.000,0.3,0.4,.800,.667,0.1,0.3,.250,0.1,0.4,0.5,0.2,0.0,0.0,0.4,0.2,0.8
327,327,Mason Jones,SG,23,LAL,2,0,4.5,1.0,4.0,.250,0.0,1.0,.000,1.0,3.0,.333,.250,0.5,1.0,.500,0.5,0.5,1.0,0.0,0.5,0.0,0.5,0.5,2.5
328,328,Tre Jones,PG,22,SAS,35,2,12.6,1.8,3.7,.485,0.1,0.4,.154,1.7,3.3,.521,.492,0.6,0.6,1.000,0.4,1.6,2.0,2.3,0.4,0.0,0.6,0.9,4.3
329,329,Tyus Jones,PG,25,MEM,42,13,21.4,3.3,6.9,.478,1.0,2.5,.402,2.3,4.3,.522,.552,0.8,0.9,.917,0.3,2.5,2.8,4.2,0.9,0.0,0.8,0.5,8.4
330,330,DeAndre Jordan,C,33,LAL,28,18,13.0,2.0,3.0,.675,0.0,0.0,,2.0,3.0,.675,.675,0.4,0.6,.588,1.6,4.0,5.6,0.4,0.4,0.9,0.7,1.7,4.4
331,331,Cory Joseph,PG,30,DET,29,6,22.2,2.6,5.6,.457,0.9,2.1,.417,1.7,3.5,.480,.534,1.5,1.8,.846,0.3,1.8,2.1,3.7,0.8,0.2,1.4,1.7,7.5
332,332,Georgios Kalaitzakis,SF,23,MIL,9,0,5.3,0.6,1.2,.455,0.2,0.4,.500,0.3,0.8,.429,.545,0.4,1.0,.444,0.4,0.4,0.9,0.0,0.1,0.1,0.4,0.9,1.8
333,333,Frank Kaminsky,C,28,PHO,9,0,20.1,4.0,7.3,.545,0.6,1.7,.333,3.4,5.7,.608,.583,2.0,2.2,.900,1.2,3.3,4.6,1.4,0.9,0.8,0.6,1.6,10.6
334,334,Luke Kennard,SG,25,LAC,35,10,29.0,4.1,9.4,.432,2.8,6.3,.441,1.3,3.1,.413,.579,0.8,0.9,.879,0.2,3.2,3.4,2.1,0.7,0.1,0.8,1.6,11.7
335,335,Braxton Key,SF,24,PHI,2,0,3.0,0.5,1.0,.500,0.0,0.5,.000,0.5,0.5,1.000,.500,0.0,0.0,,0.5,0.5,1.0,0.5,0.5,0.0,1.0,0.5,1.0
336,336,George King,SF,28,DAL,4,0,4.8,0.0,1.3,.000,0.0,1.0,.000,0.0,0.3,.000,.000,0.3,0.5,.500,0.0,1.3,1.3,0.0,0.0,0.0,0.3,1.0,0.3
337,337,Louis King,SF,22,SAC,5,0,11.0,1.8,5.2,.346,1.0,3.2,.313,0.8,2.0,.400,.442,1.2,1.4,.857,0.0,1.6,1.6,0.2,0.4,0.0,0.0,1.6,5.8
338,338,Corey Kispert,SF,22,WAS,37,6,17.6,2.1,4.8,.429,0.8,2.7,.307,1.2,2.1,.592,.517,0.8,0.9,.848,0.5,1.6,2.1,0.8,0.3,0.3,0.5,0.8,5.7
339,339,Maxi Kleber,PF,30,DAL,26,9,25.2,2.6,6.3,.415,1.8,4.7,.374,0.8,1.6,.537,.555,0.7,1.0,.731,1.2,4.9,6.0,1.0,0.4,0.9,0.7,2.3,7.7
340,340,,,,,,,,,,,,,,,,,,,,,,,,,,,,,
341,341,Brandon Knight,PG,30,DAL,3,0,18.0,3.0,6.7,.450,1.3,4.3,.308,1.7,2.3,.714,.550,2.7,2.7,1.000,0.0,2.3,2.3,2.7,0.3,0.0,1.3,1.7,10.0
342,342,Nathan Knight,PF,24,MIN,21,2,8.5,1.1,2.1,.533,0.1,0.3,.286,1.0,1.8,.579,.556,1.3,1.9,.700,1.0,1.5,2.5,0.7,0.1,0.3,0.6,1.2,3.7
343,343,Kevin Knox,SF,22,NYK,13,0,8.5,1.2,3.1,.375,0.8,2.2,.357,0.4,0.9,.417,.500,0.5,0.8,.700,0.6,1.1,1.7,0.2,0.2,0.1,0.4,0.4,3.6
344,344,John Konchar,SG,25,MEM,35,2,16.5,1.7,3.2,.545,0.7,1.5,.490,1.0,1.7,.590,.656,0.4,0.7,.565,1.1,2.8,3.9,1.3,0.8,0.2,0.4,1.2,4.6
345,345,Furkan Korkmaz,SG,24,PHI,36,11,23.2,3.3,8.5,.391,1.5,4.9,.307,1.8,3.6,.504,.479,1.1,1.3,.833,0.3,2.8,3.1,2.2,0.6,0.1,0.8,0.9,9.3
346,346,Luke Kornet,C,26,TOT,3,0,6.0,0.3,2.0,.167,0.0,0.3,.000,0.3,1.7,.200,.167,0.7,1.0,.667,1.0,0.3,1.3,0.3,0.0,0.3,0.0,0.7,1.3
347,347,Luke Kornet,C,26,CLE,2,0,7.5,0.5,2.5,.200,0.0,0.5,.000,0.5,2.0,.250,.200,1.0,1.5,.667,1.0,0.5,1.5,0.5,0.0,0.5,0.0,0.5,2.0
348,348,Luke Kornet,C,26,MIL,1,0,3.0,0.0,1.0,.000,0.0,0.0,,0.0,1.0,.000,.000,0.0,0.0,,1.0,0.0,1.0,0.0,0.0,0.0,0.0,1.0,0.0
349,349,Vit Krejci,SG,21,OKC,3,0,3.0,0.0,0.7,.000,0.0,0.7,.000,0.0,0.0,,.000,0.7,0.7,1.000,0.0,1.0,1.0,0.0,0.0,0.0,0.3,0.0,0.7
350,350,Arnoldas Kulboka,SF,24,CHO,1,0,3.0,0.0,0.0,,0.0,0.0,,0.0,0.0,,,0.0,0.0,,0.0,0.0,0.0,0.0,0.0,0.0,0.0,0.0,0.0
351,351,Jonathan Kuminga,SF,19,GSW,28,2,9.7,1.8,3.9,.472,0.3,1.2,.265,1.5,2.6,.568,.514,1.0,1.6,.600,0.4,1.3,1.7,0.3,0.4,0.1,0.7,1.3,4.9
352,352,Kyle Kuzma,PF,26,WAS,40,40,33.4,5.9,13.0,.456,1.9,5.7,.327,4.1,7.4,.554,.527,2.0,2.9,.684,1.0,7.7,8.7,3.0,0.6,0.7,2.1,2.0,15.7
353,353,Anthony Lamb,SF,24,SAS,2,0,4.0,0.0,1.0,.000,0.0,1.0,.000,0.0,0.0,,.000,0.0,0.0,,0.0,0.5,0.5,1.0,0.0,0.0,0.0,0.0,0.0
354,354,Jeremy Lamb,SF,29,IND,29,0,14.3,2.2,5.9,.366,1.0,3.0,.333,1.2,2.9,.400,.451,1.5,1.7,.917,0.4,2.0,2.4,1.3,0.4,0.3,0.6,1.2,6.9
355,355,Jock Landale,C,26,SAS,23,0,9.7,1.9,3.5,.543,0.6,1.4,.424,1.3,2.1,.625,.630,0.6,0.7,.875,1.1,0.9,2.0,0.9,0.2,0.4,0.7,0.9,5.0
356,356,Romeo Langford,SG,22,BOS,32,5,18.4,1.9,4.5,.424,0.7,2.0,.333,1.3,2.5,.494,.497,0.5,0.7,.652,0.9,2.1,3.0,0.5,0.6,0.4,0.4,1.3,4.9
357,357,Zach LaVine,SF,26,CHI,37,37,34.8,9.3,18.9,.491,3.0,7.4,.412,6.2,11.5,.542,.572,4.1,4.6,.872,0.3,4.6,4.9,4.3,0.6,0.4,2.9,1.6,25.6
358,358,Jake Layman,SF,27,MIN,18,1,8.6,0.9,2.6,.370,0.2,1.3,.167,0.7,1.2,.591,.413,0.3,0.4,.750,0.2,1.1,1.3,0.3,0.3,0.2,0.4,0.4,2.4
359,359,Damion Lee,SG,29,GSW,29,2,20.3,3.0,6.7,.441,1.2,3.3,.354,1.8,3.4,.525,.528,1.1,1.3,.865,0.3,2.7,3.0,1.0,0.5,0.1,0.6,1.5,8.2
360,360,Saben Lee,PG,22,DET,21,0,15.9,2.1,5.2,.404,0.6,2.0,.279,1.5,3.1,.485,.459,1.3,1.8,.757,0.4,2.1,2.5,2.5,1.1,0.4,0.9,1.0,6.1
361,361,Alex Len,C,28,SAC,28,9,17.8,2.8,5.2,.534,0.2,0.7,.316,2.6,4.5,.567,.555,1.2,1.7,.688,1.5,3.4,4.9,1.1,0.3,0.8,1.3,2.9,7.0
362,362,Caris LeVert,SG,27,IND,29,29,30.3,6.8,15.5,.436,1.6,5.0,.313,5.2,10.6,.493,.486,2.7,3.4,.786,0.6,2.6,3.2,4.0,1.0,0.6,1.7,2.1,17.7
363,363,,,,,,,,,,,,,,,,,,,,,,,,,,,,,
364,364,Kira Lewis Jr.,PG,20,NOP,24,0,14.2,2.5,6.1,.404,0.5,2.4,.224,1.9,3.7,.523,.449,0.4,0.5,.833,0.4,1.3,1.6,2.0,0.5,0.0,1.1,0.7,5.9
365,365,Scottie Lewis,SG,21,CHO,2,0,3.5,0.0,0.0,,0.0,0.0,,0.0,0.0,,,0.5,1.0,.500,0.0,0.0,0.0,0.5,0.5,0.0,0.0,0.0,0.5
366,366,Damian Lillard,PG,31,POR,29,29,36.4,7.7,19.0,.402,3.2,9.8,.324,4.5,9.2,.485,.486,5.5,6.2,.878,0.4,3.7,4.1,7.3,0.6,0.4,2.9,1.3,24.0
367,367,Nassir Little,SF,21,POR,35,16,25.3,3.2,7.2,.447,1.1,3.5,.317,2.1,3.7,.569,.524,1.5,2.1,.720,1.4,4.2,5.6,1.2,0.7,0.9,0.9,2.1,9.1
368,368,Isaiah Livers,SF,23,DET,1,0,5.0,0.0,2.0,.000,0.0,2.0,.000,0.0,0.0,,.000,0.0,0.0,,0.0,0.0,0.0,0.0,1.0,1.0,1.0,1.0,0.0
369,369,Kevon Looney,C,25,GSW,40,40,20.0,2.5,4.7,.537,0.0,0.0,.000,2.5,4.7,.540,.537,0.9,1.5,.617,2.4,4.2,6.7,1.6,0.6,0.8,0.8,2.7,6.0
370,370,Brook Lopez,C,33,MIL,1,1,28.0,3.0,9.0,.333,2.0,4.0,.500,1.0,5.0,.200,.444,0.0,0.0,,2.0,3.0,5.0,0.0,1.0,3.0,0.0,3.0,8.0
371,371,Robin Lopez,C,33,ORL,18,6,18.6,3.8,6.7,.567,0.0,0.2,.000,3.8,6.5,.581,.567,0.8,1.4,.600,2.4,1.7,4.1,2.0,0.1,0.6,1.3,1.9,8.4
372,372,Didi Louzada,SF,22,NOP,2,0,3.5,0.0,1.5,.000,0.0,1.5,.000,0.0,0.0,,.000,0.0,0.0,,1.0,0.0,1.0,0.5,0.0,0.0,0.0,0.0,0.0
373,373,Kevin Love,PF,33,CLE,34,2,21.5,4.4,10.1,.433,2.6,6.2,.410,1.8,3.9,.470,.560,2.9,3.3,.885,1.1,6.3,7.4,2.1,0.3,0.2,1.2,1.0,14.3
374,374,Kyle Lowry,PG,35,MIA,37,37,34.1,4.5,10.9,.418,2.1,6.4,.322,2.5,4.5,.554,.512,2.4,2.9,.841,0.6,3.9,4.5,8.3,1.0,0.4,3.1,2.7,13.6
375,375,Timothé Luwawu-Cabarrot,SF,26,ATL,27,12,14.5,1.6,4.1,.382,1.0,2.8,.347,0.6,1.3,.457,.500,0.6,0.7,.850,0.3,1.3,1.6,0.9,0.4,0.1,0.4,1.6,4.7
376,376,Trey Lyles,PF,26,DET,37,3,18.7,3.1,7.1,.435,0.9,2.9,.294,2.2,4.1,.536,.496,2.0,2.5,.815,1.3,3.4,4.7,1.2,0.4,0.4,1.0,1.7,9.1
377,377,Théo Maledon,PG,20,OKC,21,0,13.6,1.0,3.7,.282,0.4,2.1,.182,0.7,1.6,.412,.333,1.2,1.4,.867,0.4,1.4,1.8,1.0,0.5,0.1,0.9,1.0,3.7
378,378,Sandro Mamukelashvili,PF,22,MIL,22,2,11.9,1.5,3.4,.427,0.6,1.6,.371,0.9,1.8,.475,.513,0.4,0.5,.750,1.2,1.2,2.4,0.5,0.3,0.3,0.4,0.8,3.9
379,379,Terance Mann,SF,25,LAC,41,14,29.6,4.0,8.4,.484,1.1,2.9,.376,3.0,5.5,.540,.548,1.4,1.9,.740,1.5,3.8,5.3,2.4,0.5,0.1,1.1,2.2,10.6
380,380,Tre Mann,PG,20,OKC,27,2,17.0,2.8,7.1,.396,1.0,2.9,.354,1.8,4.2,.425,.469,0.6,0.9,.667,0.4,1.8,2.2,0.7,0.5,0.2,0.7,1.5,7.3
381,381,Boban Marjanović,C,33,DAL,16,0,5.9,2.2,3.5,.625,0.1,0.2,.333,2.1,3.3,.642,.634,0.5,1.0,.500,0.4,1.4,1.9,0.1,0.0,0.1,0.7,1.2,4.9
382,382,Lauri Markkanen,PF,24,CLE,33,33,30.5,4.9,11.7,.422,1.9,5.9,.321,3.0,5.8,.526,.504,1.7,2.0,.862,1.2,4.2,5.3,1.6,0.7,0.5,0.8,1.8,13.5
383,383,Naji Marshall,SF,24,NOP,21,0,10.2,1.0,3.1,.308,0.1,1.3,.111,0.8,1.8,.447,.331,1.2,1.4,.862,0.7,2.0,2.6,1.0,0.4,0.1,1.0,1.0,3.2
384,384,,,,,,,,,,,,,,,,,,,,,,,,,,,,,
385,385,Caleb Martin,SF,26,MIA,31,9,23.0,3.6,7.1,.505,1.0,2.8,.368,2.5,4.3,.594,.577,1.0,1.5,.667,1.2,2.6,3.8,1.0,0.9,0.5,0.8,1.6,9.2
386,386,Cody Martin,SF,26,CHO,37,5,26.7,3.1,6.4,.487,1.1,2.2,.482,2.0,4.1,.490,.572,1.2,1.7,.742,1.2,2.9,4.1,2.7,1.5,0.5,0.8,1.7,8.5
387,387,Kelan Martin,SF,26,IND,27,1,16.4,2.6,6.2,.417,0.8,2.7,.297,1.8,3.5,.511,.482,0.3,0.5,.692,0.6,1.4,2.0,0.8,0.5,0.3,0.5,1.3,6.3
388,388,Kenyon Martin Jr.,SF,21,HOU,40,0,18.9,3.2,6.2,.524,0.6,1.8,.329,2.6,4.3,.607,.573,1.1,1.7,.647,1.0,2.7,3.7,1.3,0.4,0.6,0.7,1.3,8.2
389,389,Garrison Mathews,SG,25,HOU,26,16,28.1,3.3,8.2,.410,2.5,6.8,.364,0.9,1.4,.639,.561,2.1,2.7,.797,0.5,3.1,3.6,0.9,0.7,0.4,0.7,3.0,11.3
390,390,Dakota Mathias,SG,26,MEM,4,0,2.0,0.5,1.0,.500,0.5,1.0,.500,0.0,0.0,,.750,0.0,0.0,,0.0,0.5,0.5,0.0,0.0,0.0,0.0,0.3,1.5
391,391,Wesley Matthews,SG,35,MIL,15,4,20.3,2.6,5.2,.500,1.6,3.7,.429,1.0,1.5,.682,.654,0.2,0.4,.500,0.5,1.5,2.1,0.8,0.4,0.3,0.5,1.5,7.0
392,392,Tyrese Maxey,PG,21,PHI,33,32,34.6,6.3,13.5,.468,1.3,3.4,.384,5.0,10.1,.497,.517,2.7,3.1,.871,0.4,3.1,3.5,4.4,0.7,0.5,1.2,2.2,16.6
393,393,Skylar Mays,SG,24,ATL,17,5,10.8,1.8,3.5,.525,0.5,1.5,.320,1.4,2.0,.676,.593,0.4,0.4,1.000,0.3,1.1,1.4,0.8,0.4,0.0,0.4,0.4,4.5
394,394,Miles McBride,PG,21,NYK,17,2,8.4,0.9,3.1,.288,0.3,1.6,.185,0.6,1.5,.400,.337,0.2,0.2,.750,0.1,0.7,0.8,1.2,0.5,0.1,0.2,0.9,2.2
395,395,Mac McClung,PG,23,CHI,1,0,3.0,1.0,1.0,1.000,0.0,0.0,,1.0,1.0,1.000,1.000,0.0,0.0,,0.0,0.0,0.0,0.0,0.0,0.0,1.0,0.0,2.0
396,396,CJ McCollum,SG,30,POR,24,24,35.3,8.0,18.8,.424,3.2,8.2,.393,4.8,10.6,.447,.509,1.5,2.1,.700,1.1,3.0,4.1,4.5,1.1,0.7,1.9,2.1,20.6
397,397,T.J. McConnell,PG,29,IND,24,6,24.2,3.8,7.5,.503,0.3,1.0,.280,3.5,6.5,.538,.522,0.5,0.6,.800,0.8,2.5,3.3,4.8,1.0,0.4,1.2,1.8,8.4
398,398,Jaden McDaniels,PF,21,MIN,38,17,26.5,3.3,7.7,.423,1.0,3.4,.282,2.3,4.3,.537,.486,0.7,0.9,.818,1.4,3.2,4.6,1.1,0.8,0.6,1.1,3.4,8.2
399,399,Jalen McDaniels,SF,24,CHO,35,2,17.9,2.5,5.0,.500,0.8,2.2,.377,1.7,2.8,.596,.582,0.8,1.3,.659,0.8,2.7,3.5,1.2,0.6,0.4,0.8,1.8,6.7
400,400,Doug McDermott,PF,30,SAS,26,26,24.6,4.3,9.3,.465,2.1,5.2,.410,2.2,4.2,.532,.578,0.6,0.8,.727,0.4,2.2,2.6,1.3,0.2,0.1,0.7,1.4,11.4
401,401,JaVale McGee,C,34,PHO,36,10,16.0,4.3,6.5,.654,0.0,0.1,.250,4.2,6.4,.661,.656,1.5,2.2,.675,2.3,4.8,7.1,0.6,0.3,0.8,1.6,2.6,10.0
402,402,Cameron McGriff,SF,24,POR,3,0,15.3,1.7,4.7,.357,0.7,2.0,.333,1.0,2.7,.375,.429,0.7,0.7,1.000,2.0,3.0,5.0,1.0,0.0,0.3,0.0,2.3,4.7
403,403,Rodney McGruder,SG,30,DET,17,0,9.5,1.0,2.6,.386,0.3,1.2,.238,0.7,1.4,.522,.443,0.2,0.2,.750,0.5,1.1,1.6,0.6,0.2,0.1,0.5,0.7,2.5
404,404,Alfonzo McKinnie,SF,29,CHI,8,0,14.8,2.0,4.8,.421,1.1,2.6,.429,0.9,2.1,.412,.539,0.0,0.3,.000,1.1,0.9,2.0,0.4,0.3,0.3,0.8,1.8,5.1
405,405,,,,,,,,,,,,,,,,,,,,,,,,,,,,,
406,406,JaQuori McLaughlin,PG,24,DAL,4,0,2.8,0.0,0.5,.000,0.0,0.3,.000,0.0,0.3,.000,.000,0.0,0.0,,0.0,0.0,0.0,0.5,0.0,0.0,0.0,0.3,0.0
407,407,Jordan McLaughlin,PG,25,MIN,28,2,11.2,0.8,2.6,.284,0.1,1.0,.143,0.6,1.6,.370,.311,0.5,0.8,.682,0.2,0.9,1.1,2.4,0.6,0.0,0.7,0.5,2.2
408,408,Ben McLemore,SG,28,POR,23,2,15.8,2.8,6.5,.436,2.1,5.1,.419,0.7,1.4,.500,.601,0.6,0.7,.867,0.3,1.0,1.3,0.7,0.3,0.1,0.6,1.3,8.3
409,409,De'Anthony Melton,SG,23,MEM,34,13,23.5,3.6,9.2,.391,1.5,4.8,.317,2.1,4.4,.473,.474,1.1,1.4,.750,1.0,3.4,4.4,2.9,1.6,0.6,1.6,1.9,9.8
410,410,Sam Merrill,SG,25,MEM,6,0,9.7,1.3,4.0,.333,1.2,3.8,.304,0.2,0.2,1.000,.479,0.3,0.7,.500,0.2,1.0,1.2,0.7,0.0,0.0,0.3,0.5,4.2
411,411,Chimezie Metu,C,24,SAC,28,17,22.8,3.5,8.5,.416,1.1,3.8,.280,2.5,4.7,.527,.479,1.1,1.4,.789,0.7,5.6,6.3,1.1,0.9,0.7,0.9,1.4,9.2
412,412,Khris Middleton,SF,30,MIL,31,31,31.5,6.4,14.9,.432,2.3,6.2,.377,4.1,8.7,.470,.510,3.9,4.5,.884,0.7,4.8,5.5,5.3,1.1,0.2,3.2,2.3,19.1
413,413,C.J. Miles,SG,34,BOS,1,0,2.0,0.0,0.0,,0.0,0.0,,0.0,0.0,,,0.0,0.0,,0.0,0.0,0.0,0.0,0.0,0.0,0.0,1.0,0.0
414,414,Patty Mills,PG,33,BRK,40,23,30.8,4.7,10.8,.434,3.2,7.6,.421,1.5,3.2,.465,.582,0.7,0.8,.871,0.3,1.8,2.1,2.6,0.6,0.3,1.1,1.4,13.2
415,415,Paul Millsap,PF,36,BRK,23,0,10.9,1.2,3.4,.354,0.3,1.1,.231,1.0,2.3,.415,.392,0.5,0.7,.706,1.1,2.3,3.4,1.0,0.2,0.3,0.4,2.0,3.2
416,416,Shake Milton,PG,25,PHI,27,6,24.7,4.0,9.4,.429,0.9,2.9,.316,3.1,6.5,.480,.478,1.5,1.8,.854,0.5,2.5,3.0,2.8,0.7,0.4,1.1,2.1,10.5
417,417,Davion Mitchell,PG,23,SAC,38,1,24.6,3.7,9.4,.389,1.1,3.7,.298,2.6,5.7,.449,.448,0.6,0.9,.647,0.5,1.7,2.2,3.2,0.7,0.2,1.0,1.8,9.0
418,418,Donovan Mitchell,SG,25,UTA,38,38,33.4,9.3,20.6,.453,3.3,9.4,.346,6.1,11.2,.542,.532,3.7,4.2,.882,0.8,3.0,3.8,5.1,1.6,0.2,2.9,2.6,25.7
419,419,Evan Mobley,PF,20,CLE,34,34,34.1,6.1,12.0,.507,0.4,1.5,.294,5.6,10.5,.538,.526,2.2,3.1,.724,1.7,6.4,8.1,2.7,0.8,1.7,1.8,2.1,14.9
420,420,Malik Monk,SG,23,LAL,37,10,26.1,4.5,9.5,.474,2.2,5.4,.408,2.3,4.0,.564,.591,1.1,1.3,.851,0.5,2.5,3.0,2.2,0.7,0.5,1.3,1.5,12.3
421,421,Greg Monroe,C,31,TOT,5,0,16.2,2.6,4.4,.591,0.0,0.0,,2.6,4.4,.591,.591,0.4,1.0,.400,2.4,3.8,6.2,2.4,0.6,1.0,1.2,1.8,5.6
422,422,Greg Monroe,C,31,MIN,3,0,21.0,3.0,4.7,.643,0.0,0.0,,3.0,4.7,.643,.643,0.7,1.7,.400,1.7,5.3,7.0,3.7,0.7,1.3,1.3,2.3,6.7
423,423,Greg Monroe,C,31,WAS,2,0,9.0,2.0,4.0,.500,0.0,0.0,,2.0,4.0,.500,.500,0.0,0.0,,3.5,1.5,5.0,0.5,0.5,0.5,1.0,1.0,4.0
424,424,Moses Moody,SG,19,GSW,25,1,7.0,0.8,2.2,.357,0.2,1.2,.129,0.6,1.0,.640,.393,0.3,0.4,.727,0.2,0.9,1.0,0.3,0.1,0.2,0.2,0.4,2.1
425,425,Xavier Moon,SG,27,LAC,5,0,13.8,2.2,6.0,.367,0.2,1.6,.125,2.0,4.4,.455,.383,0.0,0.0,,0.2,1.6,1.8,1.2,1.0,0.2,0.4,0.6,4.6
426,426,Matt Mooney,SG,24,NYK,1,0,2.0,0.0,1.0,.000,0.0,1.0,.000,0.0,0.0,,.000,0.0,0.0,,0.0,0.0,0.0,0.0,1.0,0.0,1.0,0.0,0.0
427,427,Ja Morant,PG,22,MEM,30,30,32.4,9.2,18.9,.489,1.6,4.1,.379,7.7,14.7,.520,.531,4.8,6.3,.767,1.3,4.4,5.7,6.7,1.3,0.5,3.1,1.3,24.9
428,428,,,,,,,,,,,,,,,,,,,,,,,,,,,,,
429,429,Juwan Morgan,PF,24,TOR,1,0,27.0,2.0,3.0,.667,1.0,2.0,.500,1.0,1.0,1.000,.833,0.0,0.0,,2.0,2.0,4.0,1.0,0.0,0.0,0.0,3.0,5.0
430,430,Jaylen Morris,SG,26,SAS,3,0,5.3,0.0,2.0,.000,0.0,0.7,.000,0.0,1.3,.000,.000,0.7,1.3,.500,0.0,0.7,0.7,0.7,0.0,0.0,0.3,0.7,0.7
431,431,Marcus Morris,PF,32,LAC,21,21,30.3,5.8,13.3,.437,2.0,5.3,.375,3.8,8.0,.479,.513,2.6,3.0,.871,0.6,4.4,5.0,2.1,0.5,0.3,1.3,2.3,16.2
432,432,Markieff Morris,PF,32,MIA,10,0,18.7,3.2,7.0,.457,0.8,2.2,.364,2.4,4.8,.500,.514,0.5,0.5,1.000,1.3,1.5,2.8,1.4,0.3,0.1,1.2,2.2,7.7
433,433,Monte Morris,PG,26,DEN,36,35,30.0,5.2,10.8,.481,1.7,4.4,.384,3.5,6.4,.548,.559,0.6,0.8,.724,0.3,2.4,2.7,4.2,0.7,0.1,1.3,1.4,12.7
434,434,Emmanuel Mudiay,PG,25,SAC,2,0,5.5,0.0,1.0,.000,0.0,0.0,,0.0,1.0,.000,.000,1.5,2.0,.750,0.0,0.0,0.0,2.0,0.5,0.0,0.5,0.5,1.5
435,435,Mychal Mulder,PG,27,ORL,15,2,13.0,1.3,4.5,.299,0.9,3.1,.283,0.5,1.4,.333,.396,0.1,0.1,1.000,0.1,1.3,1.4,0.2,0.3,0.1,0.5,0.8,3.7
436,436,Ade Murkey,SG,24,SAC,1,0,1.0,0.0,0.0,,0.0,0.0,,0.0,0.0,,,0.0,0.0,,0.0,0.0,0.0,0.0,0.0,0.0,0.0,0.0,0.0
437,437,Trey Murphy III,SF,21,NOP,34,0,13.4,1.3,3.9,.336,1.0,2.9,.340,0.3,1.0,.324,.462,0.4,0.4,.867,0.6,1.5,2.1,0.6,0.3,0.1,0.3,1.0,3.9
438,438,Dejounte Murray,PG,25,SAS,36,36,34.3,7.8,17.7,.442,1.4,4.3,.338,6.4,13.4,.475,.483,1.7,2.4,.709,1.2,7.0,8.2,8.9,2.1,0.4,2.4,2.1,18.8
439,439,Mike Muscala,C,30,OKC,33,0,13.8,2.6,5.8,.447,1.6,3.8,.419,1.0,2.0,.500,.584,1.3,1.5,.875,0.5,2.6,3.1,0.5,0.4,0.6,0.3,1.3,8.0
440,440,Svi Mykhailiuk,SF,24,TOR,36,5,17.4,2.3,5.5,.414,1.0,3.0,.324,1.3,2.5,.522,.503,0.8,0.9,.844,0.5,1.8,2.4,1.1,0.6,0.1,0.8,1.3,6.3
441,441,Abdel Nader,SF,28,PHO,14,0,10.4,0.9,2.5,.343,0.3,1.0,.286,0.6,1.5,.381,.400,0.4,0.7,.600,0.3,1.6,1.9,0.5,0.6,0.3,0.8,1.4,2.4
442,442,Larry Nance Jr.,PF,29,POR,37,11,23.2,2.8,5.4,.515,0.5,1.7,.306,2.2,3.7,.610,.563,0.9,1.3,.653,1.6,4.1,5.6,2.0,1.0,0.4,0.7,1.8,6.9
443,443,RJ Nembhard Jr.,SG,22,CLE,6,0,7.0,0.8,1.8,.455,0.0,0.2,.000,0.8,1.7,.500,.455,0.2,0.3,.500,0.0,0.3,0.3,1.7,0.0,0.0,0.2,0.3,1.8
444,444,Aaron Nesmith,SF,22,BOS,29,1,10.4,1.1,3.2,.344,0.5,2.2,.234,0.6,1.0,.586,.425,0.2,0.3,.778,0.3,1.3,1.6,0.3,0.3,0.0,0.6,1.3,3.0
445,445,Raul Neto,PG,29,WAS,36,0,20.4,3.1,6.9,.444,0.4,1.7,.226,2.7,5.2,.516,.472,1.2,1.6,.750,0.2,1.9,2.1,2.7,0.7,0.0,1.2,1.6,7.7
446,446,Malik Newman,PG,24,CLE,1,0,8.0,3.0,5.0,.600,0.0,1.0,.000,3.0,4.0,.750,.600,2.0,2.0,1.000,0.0,1.0,1.0,1.0,0.0,0.0,1.0,0.0,8.0
447,447,Georges Niang,PF,28,PHI,36,5,22.8,3.6,8.0,.443,2.0,5.0,.397,1.6,3.1,.518,.566,0.8,1.0,.857,0.3,2.3,2.6,1.3,0.5,0.2,0.8,2.6,9.9
448,448,Daishen Nix,SG,19,HOU,8,0,8.4,1.6,2.5,.650,0.4,0.9,.429,1.3,1.6,.769,.725,0.1,0.4,.333,0.1,1.1,1.3,1.3,0.9,0.0,1.1,0.4,3.8
449,449,,,,,,,,,,,,,,,,,,,,,,,,,,,,,
450,450,Zeke Nnaji,PF,21,DEN,23,0,14.7,2.0,4.2,.464,0.9,1.9,.477,1.0,2.3,.453,.572,0.9,1.5,.571,1.0,2.0,3.0,0.3,0.2,0.3,0.3,1.6,5.7
451,451,Nerlens Noel,C,27,NYK,18,10,23.0,1.3,2.6,.511,0.0,0.2,.000,1.3,2.4,.545,.511,0.8,1.0,.833,2.2,3.7,5.8,0.8,1.1,1.5,0.8,2.7,3.5
452,452,Jaylen Nowell,SG,22,MIN,27,0,13.5,3.0,6.3,.473,0.7,2.1,.345,2.2,4.1,.541,.533,0.9,1.2,.719,0.3,1.6,1.9,2.0,0.6,0.2,0.5,1.0,7.5
453,453,Frank Ntilikina,PG,23,DAL,31,5,14.1,1.7,4.5,.376,0.8,2.3,.347,0.9,2.2,.406,.465,0.6,0.6,1.000,0.2,1.3,1.5,1.5,0.7,0.1,0.6,1.2,4.8
454,454,Jusuf Nurkić,C,27,POR,37,37,26.5,5.2,9.5,.541,0.2,0.9,.229,4.9,8.6,.575,.552,3.0,4.2,.716,2.4,7.8,10.2,2.6,1.1,0.5,2.2,3.3,13.5
455,455,David Nwaba,SF,29,HOU,33,4,14.2,2.0,4.3,.475,0.3,1.1,.286,1.7,3.2,.538,.511,1.0,1.4,.702,0.9,3.0,3.9,0.8,0.7,0.5,0.5,1.2,5.4
456,456,Jordan Nwora,SF,23,MIL,33,9,21.2,3.5,8.4,.420,1.7,4.3,.390,1.8,4.1,.452,.520,0.4,0.5,.824,0.8,3.3,4.1,1.1,0.5,0.4,1.1,1.2,9.1
457,457,Royce O'Neale,SF,28,UTA,39,39,31.5,2.7,5.5,.488,1.4,3.6,.403,1.2,1.9,.649,.620,0.6,0.8,.710,0.8,4.2,5.0,2.5,1.4,0.5,0.9,2.5,7.3
458,458,Semi Ojeleye,PF,27,MIL,16,0,17.9,0.9,4.1,.212,0.5,2.4,.211,0.4,1.8,.214,.273,0.6,0.7,.818,1.6,2.0,3.6,0.3,0.3,0.3,0.3,1.6,2.8
459,459,Chuma Okeke,PF,23,ORL,31,7,23.2,2.7,7.7,.353,1.0,4.2,.238,1.7,3.5,.491,.418,0.9,1.0,.875,0.7,3.6,4.3,1.4,1.3,0.4,0.9,1.4,7.3
460,460,Josh Okogie,SG,23,MIN,26,6,13.6,0.9,2.5,.354,0.3,1.2,.267,0.6,1.3,.429,.415,0.7,1.2,.613,0.9,1.3,2.2,0.7,0.6,0.3,0.6,1.3,2.8
461,461,Onyeka Okongwu,C,21,ATL,8,3,23.1,3.6,4.8,.763,0.0,0.0,,3.6,4.8,.763,.763,1.8,2.5,.700,2.1,4.1,6.3,1.1,0.6,1.3,1.3,3.6,9.0
462,462,Isaac Okoro,SF,21,CLE,27,23,28.4,3.3,7.3,.454,0.9,2.9,.321,2.4,4.4,.542,.518,1.5,2.1,.719,1.2,2.4,3.6,1.9,0.8,0.3,1.1,2.5,9.0
463,463,KZ Okpala,PF,22,MIA,21,0,11.6,1.4,3.3,.435,0.4,1.2,.346,1.0,2.0,.488,.500,0.4,0.5,.727,0.5,1.4,2.0,0.7,0.2,0.3,0.2,1.2,3.7
464,464,Cameron Oliver,SF,25,ATL,2,0,21.5,5.0,7.5,.667,0.5,1.5,.333,4.5,6.0,.750,.700,1.0,1.5,.667,1.0,2.0,3.0,1.5,0.5,0.5,0.0,2.5,11.5
465,465,Kelly Olynyk,C,30,DET,10,1,23.0,4.5,9.8,.459,1.4,4.1,.341,3.1,5.7,.544,.531,2.1,3.5,.600,1.3,4.0,5.3,2.3,1.4,0.7,1.5,2.7,12.5
466,466,Eugene Omoruyi,SF,24,DAL,4,0,4.5,0.5,1.3,.400,0.3,0.5,.500,0.3,0.8,.333,.500,0.5,1.0,.500,0.5,1.3,1.8,0.5,0.0,0.0,0.0,0.5,1.8
467,467,Miye Oni,SG,24,UTA,16,0,2.8,0.1,0.6,.222,0.1,0.5,.125,0.1,0.1,1.000,.278,0.0,0.1,.000,0.1,0.4,0.4,0.3,0.0,0.0,0.1,0.4,0.3
468,468,Cedi Osman,SF,26,CLE,30,0,23.2,4.0,8.9,.444,2.2,5.8,.387,1.7,3.2,.547,.569,1.2,1.7,.686,0.4,2.2,2.6,1.7,1.1,0.3,0.9,1.9,11.3
469,469,Daniel Oturu,C,22,TOR,3,0,9.0,1.0,2.0,.500,0.0,0.3,.000,1.0,1.7,.600,.500,1.0,1.7,.600,0.3,1.3,1.7,0.0,0.0,0.7,0.0,0.3,3.0
470,470,,,,,,,,,,,,,,,,,,,,,,,,,,,,,
471,471,Kelly Oubre Jr.,SF,26,CHO,40,10,28.2,6.1,13.3,.458,2.9,7.8,.373,3.2,5.5,.580,.568,1.6,2.3,.674,1.0,3.0,3.9,1.2,1.1,0.4,1.1,2.5,16.6
472,472,Jaysean Paige,PG,27,DET,1,0,7.0,0.0,3.0,.000,0.0,2.0,.000,0.0,1.0,.000,.000,0.0,0.0,,0.0,1.0,1.0,1.0,0.0,0.0,1.0,2.0,0.0
473,473,Trayvon Palmer,SG,27,DET,1,0,17.0,0.0,1.0,.000,0.0,0.0,,0.0,1.0,.000,.000,0.0,0.0,,0.0,2.0,2.0,0.0,0.0,0.0,1.0,2.0,0.0
474,474,Kevin Pangos,PG,29,CLE,19,3,8.4,0.8,2.4,.333,0.3,1.4,.231,0.5,1.0,.474,.400,0.2,0.2,.750,0.1,0.5,0.6,1.6,0.1,0.0,0.4,0.5,2.1
475,475,Jabari Parker,PF,26,BOS,12,0,9.3,1.5,3.2,.474,0.7,1.3,.500,0.8,1.8,.455,.579,0.8,0.8,1.000,0.4,1.9,2.3,0.5,0.3,0.1,0.7,1.1,4.4
476,476,Eric Paschall,PF,25,UTA,29,1,12.1,1.7,3.5,.480,0.6,1.8,.308,1.1,1.7,.660,.559,1.0,1.3,.718,0.7,1.3,1.9,0.6,0.1,0.1,0.5,0.8,4.9
477,477,Chris Paul,PG,36,PHO,40,40,32.3,5.3,11.1,.474,1.0,3.0,.328,4.3,8.1,.528,.518,2.5,3.0,.835,0.4,4.0,4.3,10.1,2.0,0.3,2.3,2.2,14.0
478,478,Cameron Payne,PG,27,PHO,35,0,20.3,3.8,9.9,.388,1.1,3.4,.319,2.7,6.5,.425,.443,1.5,1.7,.864,0.4,2.4,2.8,3.6,0.6,0.3,1.9,1.9,10.2
479,479,Elfrid Payton,PG,27,PHO,21,0,12.1,1.7,4.1,.402,0.0,0.2,.200,1.6,3.9,.415,.408,0.4,0.7,.533,0.5,1.6,2.1,1.9,0.5,0.1,1.1,1.1,3.8
480,480,Gary Payton II,PG,29,GSW,39,8,17.0,3.3,5.1,.650,0.7,1.8,.420,2.6,3.4,.771,.723,0.6,1.0,.590,1.1,2.6,3.7,0.8,1.4,0.2,0.5,1.7,8.0
481,481,Norvel Pelle,C,28,UTA,3,0,6.3,1.0,1.7,.600,0.0,0.0,,1.0,1.7,.600,.600,0.0,0.0,,1.0,1.0,2.0,0.0,0.0,0.3,0.7,0.3,2.0
482,482,Reggie Perry,PF,21,POR,2,0,20.5,2.0,4.5,.444,0.5,1.0,.500,1.5,3.5,.429,.500,1.0,1.0,1.000,1.0,2.5,3.5,1.0,0.5,0.0,0.5,3.0,5.5
483,483,Jamorko Pickett,PF,24,DET,6,0,7.8,0.2,1.7,.100,0.2,1.2,.143,0.0,0.5,.000,.150,0.0,0.0,,0.3,1.2,1.5,0.2,0.0,0.2,0.5,0.5,0.5
484,484,Theo Pinson,SF,26,DAL,11,0,8.5,0.7,2.5,.296,0.5,1.8,.250,0.3,0.6,.429,.389,0.4,0.4,1.000,0.0,1.5,1.5,1.1,0.4,0.2,0.2,0.8,2.3
485,485,Mason Plumlee,C,31,CHO,33,33,24.7,2.8,4.7,.606,0.0,0.0,.000,2.8,4.7,.610,.606,0.8,2.2,.380,2.3,4.7,7.0,2.8,0.8,0.8,1.1,3.0,6.5
486,486,Jakob Poeltl,C,26,SAS,34,33,28.6,5.7,9.6,.597,0.0,0.0,,5.7,9.6,.597,.597,1.0,2.6,.391,4.1,4.7,8.8,2.7,0.7,1.4,1.6,3.1,12.4
487,487,Aleksej Pokusevski,PF,20,OKC,36,2,15.1,1.9,5.4,.358,0.6,2.4,.230,1.4,2.9,.462,.409,0.2,0.4,.500,0.9,3.1,4.0,1.1,0.5,0.5,1.2,1.2,4.6
488,488,Yves Pons,SF,22,MEM,6,0,3.5,0.2,0.5,.333,0.2,0.2,1.000,0.0,0.3,.000,.500,0.0,0.3,.000,0.3,0.5,0.8,0.0,0.0,0.0,0.0,0.3,0.5
489,489,Jordan Poole,SG,22,GSW,34,29,29.6,6.0,13.5,.442,2.5,7.5,.333,3.5,6.0,.578,.535,2.8,3.1,.895,0.2,2.9,3.1,3.4,0.9,0.3,2.4,2.8,17.2
490,490,Kevin Porter Jr.,PG,21,HOU,27,27,29.7,4.3,11.7,.365,1.9,5.6,.331,2.4,6.1,.396,.444,2.1,3.4,.609,0.8,3.6,4.3,5.7,1.2,0.3,3.8,2.6,12.4
491,491,,,,,,,,,,,,,,,,,,,,,,,,,,,,,
492,492,Michael Porter Jr.,SF,23,DEN,9,9,29.4,4.1,11.4,.359,1.1,5.3,.208,3.0,6.1,.491,.408,0.6,1.0,.556,1.0,5.6,6.6,1.9,1.1,0.2,1.3,1.8,9.9
493,493,Otto Porter Jr.,PF,28,GSW,34,4,21.4,3.0,6.6,.460,1.5,3.9,.391,1.5,2.7,.560,.576,0.5,0.7,.708,1.1,4.0,5.1,1.5,1.0,0.5,0.6,1.3,8.1
494,494,Bobby Portis,C,26,MIL,34,29,28.4,5.9,12.3,.481,1.9,4.5,.428,4.0,7.8,.511,.559,1.6,2.1,.789,2.9,6.4,9.2,1.4,0.8,0.8,1.6,2.7,15.4
495,495,Kristaps Porziņģis,PF,26,DAL,26,26,30.4,7.2,16.0,.451,1.5,5.5,.282,5.7,10.5,.538,.499,4.7,5.3,.883,2.2,5.8,8.0,2.3,0.8,1.7,1.5,2.3,20.6
496,496,Micah Potter,C,23,DET,3,0,10.3,1.7,3.7,.455,0.0,0.7,.000,1.7,3.0,.556,.455,0.7,0.7,1.000,1.3,1.7,3.0,0.0,0.3,0.3,0.3,1.3,4.0
497,497,Dwight Powell,C,30,DAL,41,38,20.2,2.7,4.4,.609,0.3,0.7,.414,2.4,3.7,.647,.642,1.4,2.0,.711,2.0,2.5,4.5,1.1,0.5,0.4,0.8,2.4,7.0
498,498,Myles Powell,PG,24,PHI,6,0,6.3,0.8,2.2,.385,0.2,0.7,.250,0.7,1.5,.444,.423,0.3,0.3,1.000,0.2,0.7,0.8,0.3,0.2,0.0,0.5,1.0,2.2
499,499,Norman Powell,SF,28,POR,34,34,32.9,6.2,13.6,.455,2.2,5.5,.399,4.0,8.1,.493,.536,4.0,4.9,.820,0.4,2.5,2.9,2.1,1.0,0.4,1.5,2.3,18.6
500,500,Joshua Primo,SG,19,SAS,18,4,14.1,1.6,4.1,.392,0.8,2.2,.359,0.8,1.9,.429,.486,0.4,0.6,.800,0.4,1.2,1.6,1.4,0.4,0.5,0.8,0.9,4.4
501,501,Taurean Prince,PF,27,MIN,30,8,14.8,1.6,4.3,.380,0.9,2.8,.313,0.8,1.5,.500,.481,0.6,0.8,.739,0.4,1.6,2.0,0.9,0.4,0.2,0.6,1.5,4.7
502,502,Payton Pritchard,SG,24,BOS,32,2,13.5,1.8,4.9,.354,1.1,3.1,.360,0.6,1.8,.345,.468,0.3,0.3,1.000,0.4,1.5,1.8,1.8,0.2,0.1,0.7,0.9,4.9
503,503,Trevelin Queen,SG,24,HOU,8,0,8.6,1.6,3.6,.448,1.0,2.8,.364,0.6,0.9,.714,.586,0.4,0.4,1.000,0.6,1.1,1.8,0.4,0.6,0.0,0.9,0.8,4.6
504,504,Neemias Queta,C,22,SAC,5,0,7.0,0.8,2.4,.333,0.0,0.0,,0.8,2.4,.333,.333,0.6,0.8,.750,0.8,1.2,2.0,0.6,0.2,0.2,0.4,1.0,2.2
505,505,Immanuel Quickley,PG,22,NYK,38,2,22.6,3.5,8.9,.389,1.8,5.2,.347,1.7,3.8,.448,.490,1.7,1.9,.930,0.3,2.0,2.3,2.7,0.6,0.1,1.2,2.2,10.5
506,506,Jahmi'us Ramsey,SG,20,SAC,15,0,5.5,0.9,2.3,.412,0.1,0.7,.182,0.8,1.5,.522,.441,0.3,0.7,.500,0.1,0.3,0.3,0.2,0.1,0.1,0.1,0.3,2.3
507,507,Julius Randle,PF,27,NYK,40,40,35.5,6.9,16.6,.414,1.7,5.5,.312,5.2,11.1,.465,.466,3.5,4.6,.761,1.8,8.5,10.2,4.9,0.8,0.6,3.5,2.8,19.0
508,508,Austin Reaves,SG,23,LAL,23,0,20.6,2.3,4.3,.531,1.0,2.5,.386,1.3,1.8,.732,.643,1.0,1.1,.880,0.4,1.9,2.3,1.0,0.3,0.1,0.5,1.7,6.4
509,509,Cam Reddish,SF,22,ATL,34,7,23.4,4.1,10.1,.402,1.7,4.5,.379,2.4,5.6,.421,.487,2.1,2.4,.900,0.6,1.9,2.5,1.1,1.0,0.3,1.3,1.3,11.9
510,510,Davon Reed,SG,26,DEN,14,2,16.6,1.6,3.6,.431,0.6,1.6,.348,1.0,2.0,.500,.510,0.3,0.4,.800,0.5,2.7,3.2,1.3,1.1,0.1,0.3,1.7,4.0
511,511,Paul Reed,C,22,PHI,20,2,9.0,1.0,2.1,.476,0.0,0.2,.000,1.0,1.9,.526,.476,0.2,0.3,.500,1.0,1.3,2.3,0.5,0.6,0.5,0.4,1.4,2.2
512,512,,,,,,,,,,,,,,,,,,,,,,,,,,,,,
513,513,Naz Reid,C,22,MIN,38,5,16.7,3.3,7.1,.465,0.8,2.5,.333,2.4,4.6,.538,.524,1.5,2.1,.722,1.5,2.5,4.0,0.7,0.5,0.9,1.0,2.3,8.9
514,514,Nick Richards,C,24,CHO,31,5,9.3,1.6,2.4,.685,0.0,0.0,,1.6,2.4,.685,.685,0.8,0.9,.828,0.9,1.3,2.2,0.4,0.3,0.6,0.6,1.4,4.0
515,515,Josh Richardson,SG,28,BOS,30,0,26.2,3.7,8.2,.451,1.4,3.5,.400,2.3,4.7,.489,.537,1.6,1.9,.845,0.6,2.1,2.7,1.5,0.9,0.5,0.8,2.0,10.4
516,516,Austin Rivers,SG,29,DEN,29,9,20.5,2.1,5.5,.384,1.1,3.6,.311,1.0,1.9,.518,.484,0.4,0.6,.611,0.4,1.5,1.9,1.1,0.5,0.1,0.8,1.6,5.7
517,517,Duncan Robinson,SG,27,MIA,38,35,28.3,4.1,10.6,.389,3.1,8.8,.357,1.0,1.8,.544,.537,0.7,0.9,.818,0.4,3.0,3.4,1.4,0.7,0.2,0.7,2.6,12.1
518,518,Justin Robinson,PG,24,TOT,25,0,12.2,1.1,3.7,.301,0.7,2.4,.295,0.4,1.3,.313,.398,0.2,0.3,.500,0.2,0.7,0.8,1.3,0.4,0.0,0.7,1.1,3.1
519,519,Justin Robinson,PG,24,MIL,17,0,11.6,1.1,3.4,.316,0.6,2.2,.270,0.5,1.2,.400,.404,0.1,0.1,1.000,0.1,0.6,0.8,1.2,0.5,0.0,0.6,1.0,2.8
520,520,Justin Robinson,PG,24,SAC,3,0,5.0,0.3,2.7,.125,0.0,1.0,.000,0.3,1.7,.200,.125,0.0,0.0,,0.0,0.3,0.3,0.7,0.0,0.0,0.3,0.7,0.7
521,521,Justin Robinson,PG,24,DET,5,0,18.2,1.8,5.6,.321,1.6,4.2,.381,0.2,1.4,.143,.464,0.4,1.2,.333,0.4,1.0,1.4,1.8,0.2,0.2,1.0,1.6,5.6
522,522,Mitchell Robinson,C,23,NYK,38,29,24.9,3.4,4.3,.791,0.0,0.0,,3.4,4.3,.791,.791,1.2,2.2,.561,3.4,4.7,8.1,0.4,0.5,1.6,0.8,2.7,8.0
523,523,Jeremiah Robinson-Earl,C,21,OKC,36,28,22.8,2.7,6.6,.415,1.2,3.4,.344,1.6,3.2,.491,.504,0.8,1.1,.692,1.7,3.9,5.6,0.9,0.5,0.3,0.9,1.6,7.4
524,524,Isaiah Roby,PF,23,OKC,18,5,13.7,2.6,4.7,.560,0.6,1.2,.500,2.0,3.4,.581,.625,0.9,1.2,.762,1.1,2.2,3.3,0.7,0.2,0.3,0.8,1.4,6.7
525,525,Rajon Rondo,PG,35,TOT,21,0,16.9,1.6,4.5,.347,0.7,2.1,.318,0.9,2.4,.373,.421,0.3,0.4,.750,0.5,2.4,2.9,3.9,0.7,0.2,2.0,1.5,4.1
526,526,Rajon Rondo,PG,35,LAL,18,0,16.1,1.3,3.9,.324,0.4,1.7,.267,0.8,2.3,.366,.380,0.1,0.1,.500,0.6,2.2,2.7,3.7,0.7,0.3,1.9,1.4,3.1
527,527,Rajon Rondo,PG,35,CLE,3,0,21.7,3.3,8.0,.417,2.0,4.7,.429,1.3,3.3,.400,.542,1.7,2.0,.833,0.3,3.7,4.0,4.7,1.0,0.0,2.3,2.0,10.3
528,528,Derrick Rose,PG,33,NYK,26,4,24.5,4.7,10.5,.445,1.4,3.5,.402,3.3,7.0,.467,.513,1.2,1.2,.968,0.8,2.2,3.0,4.0,0.8,0.5,1.5,0.6,12.0
529,529,Terrence Ross,SG,30,ORL,34,0,26.5,4.4,10.6,.416,1.5,4.8,.313,2.9,5.8,.500,.486,2.6,2.9,.870,0.4,2.4,2.8,2.2,0.6,0.3,1.5,1.4,12.9
530,530,Terry Rozier,SG,27,CHO,33,33,32.2,6.8,15.3,.442,2.9,7.5,.386,3.8,7.8,.496,.537,1.8,2.3,.800,0.7,3.2,3.9,3.5,1.2,0.4,1.2,1.4,18.2
531,531,Ricky Rubio,PG,31,CLE,34,8,28.5,4.4,12.1,.363,1.7,5.1,.339,2.6,7.0,.380,.434,2.6,3.0,.854,0.4,3.7,4.1,6.6,1.4,0.2,2.6,2.2,13.1
532,532,D'Angelo Russell,PG,25,MIN,31,31,32.9,6.5,16.4,.398,3.0,8.5,.347,3.5,7.8,.455,.489,2.6,3.3,.812,0.4,3.4,3.7,7.0,0.9,0.5,2.6,2.1,18.6
533,533,Domantas Sabonis,C,25,IND,41,40,34.8,7.1,12.2,.579,0.8,2.4,.316,6.3,9.8,.643,.610,4.1,5.6,.742,3.2,8.7,11.9,4.7,1.0,0.4,3.0,3.0,19.0
534,534,Olivier Sarr,C,22,OKC,2,0,7.0,0.5,1.5,.333,0.0,0.5,.000,0.5,1.0,.500,.333,1.0,1.0,1.000,0.0,2.5,2.5,0.0,0.0,1.0,0.0,0.5,2.0
535,535,Tomáš Satoranský,SG,30,NOP,31,3,14.9,1.0,3.3,.311,0.2,1.0,.167,0.9,2.4,.370,.335,0.6,0.8,.760,0.6,1.5,2.0,2.3,0.5,0.0,0.7,1.0,2.8
536,536,Jordan Schakel,SG,23,WAS,2,0,7.0,0.0,3.0,.000,0.0,1.5,.000,0.0,1.5,.000,.000,0.0,0.0,,1.0,0.5,1.5,0.0,0.0,0.0,0.0,0.0,0.0
537,537,Admiral Schofield,SF,24,ORL,11,1,15.9,2.0,3.7,.537,0.6,1.8,.350,1.4,1.9,.714,.622,0.0,0.1,.000,0.5,2.8,3.3,0.9,0.1,0.3,0.8,1.9,4.6
538,538,,,,,,,,,,,,,,,,,,,,,,,,,,,,,
539,539,Dennis Schröder,SG,28,BOS,35,20,31.6,5.8,13.3,.437,1.5,4.3,.342,4.3,9.0,.481,.491,3.0,3.5,.855,0.5,2.8,3.3,4.5,0.8,0.1,2.3,2.5,16.1
540,540,Tre Scott,SF,25,CLE,2,0,5.5,1.5,3.0,.500,0.0,0.5,.000,1.5,2.5,.600,.500,0.0,0.0,,0.5,0.5,1.0,0.0,0.5,0.5,0.0,1.0,3.0
541,541,Jay Scrubb,SG,21,LAC,13,0,5.7,1.0,2.6,.382,0.4,1.3,.294,0.6,1.3,.471,.456,0.3,0.5,.667,0.1,0.5,0.6,0.5,0.2,0.2,0.2,0.3,2.7
542,542,Wayne Selden,SG,27,NYK,3,0,6.3,0.3,1.3,.250,0.3,0.7,.500,0.0,0.7,.000,.375,0.7,1.3,.500,0.0,0.3,0.3,0.3,0.0,0.0,0.0,0.3,1.7
543,543,Alperen Şengün,C,19,HOU,35,2,18.4,3.1,6.3,.500,0.3,1.1,.308,2.8,5.2,.541,.527,2.4,3.4,.703,1.7,3.1,4.8,2.6,0.9,0.9,1.9,3.1,9.0
544,544,Collin Sexton,SG,23,CLE,11,11,28.7,6.2,13.7,.450,1.0,4.1,.244,5.2,9.6,.538,.487,2.6,3.5,.744,1.2,2.1,3.3,2.1,0.9,0.0,2.8,2.3,16.0
545,545,Landry Shamet,SG,24,PHO,36,7,20.5,2.6,6.8,.381,1.7,4.6,.365,0.9,2.1,.416,.506,0.9,1.1,.846,0.3,1.9,2.1,1.6,0.5,0.1,0.6,1.1,7.8
546,546,Day'Ron Sharpe,PF,20,BRK,15,1,9.0,2.5,3.8,.649,0.1,0.2,.333,2.4,3.6,.667,.658,0.6,1.1,.529,2.0,1.7,3.7,0.1,0.2,0.5,0.9,1.7,5.6
547,547,Pascal Siakam,PF,27,TOR,25,25,35.7,7.9,16.6,.475,1.1,3.5,.318,6.8,13.1,.517,.508,3.8,5.2,.731,2.0,6.3,8.3,4.6,1.0,0.8,2.5,3.4,20.7
548,548,Chris Silva,PF,25,TOT,7,0,9.4,1.1,1.9,.615,0.0,0.0,,1.1,1.9,.615,.615,1.1,1.3,.889,1.4,2.4,3.9,0.4,0.0,0.0,0.6,1.7,3.4
549,549,Chris Silva,PF,25,MIN,1,0,3.0,0.0,0.0,,0.0,0.0,,0.0,0.0,,,0.0,0.0,,0.0,1.0,1.0,0.0,0.0,0.0,0.0,0.0,0.0
550,550,Chris Silva,PF,25,MIA,6,0,10.5,1.3,2.2,.615,0.0,0.0,,1.3,2.2,.615,.615,1.3,1.5,.889,1.7,2.7,4.3,0.5,0.0,0.0,0.7,2.0,4.0
551,551,Marko Simonovic,C,22,CHI,7,0,3.6,0.1,1.3,.111,0.0,0.4,.000,0.1,0.9,.167,.111,1.0,1.1,.875,0.4,0.4,0.9,0.0,0.0,0.1,0.3,0.7,1.3
552,552,Anfernee Simons,SG,22,POR,35,8,26.0,5.1,11.6,.443,2.4,6.2,.392,2.7,5.4,.503,.548,1.4,1.5,.943,0.5,2.1,2.7,2.9,0.4,0.1,1.5,2.0,14.1
553,553,Jericho Sims,PF,23,NYK,13,0,6.5,0.5,0.6,.750,0.0,0.0,,0.5,0.6,.750,.750,0.2,0.3,.750,0.6,1.1,1.7,0.1,0.2,0.4,0.2,0.5,1.2
554,554,Deividas Sirvydis,SG,21,DET,3,0,9.0,0.3,3.3,.100,0.3,2.3,.143,0.0,1.0,.000,.150,0.0,0.0,,0.0,2.0,2.0,0.3,1.0,0.3,0.0,1.3,1.0
555,555,Javonte Smart,PG,22,MIL,13,1,12.3,0.8,3.3,.256,0.3,1.4,.222,0.5,1.9,.280,.302,0.4,0.5,.833,0.3,1.2,1.5,1.1,0.3,0.2,0.7,0.8,2.4
556,556,Marcus Smart,PG,27,BOS,38,38,34.1,4.0,10.2,.393,1.4,4.8,.304,2.6,5.5,.471,.464,2.1,2.6,.798,0.6,3.3,4.0,5.3,1.9,0.3,2.0,2.5,11.6
557,557,Dennis Smith Jr.,PG,24,POR,22,3,17.1,2.1,5.4,.395,0.3,1.1,.240,1.9,4.3,.436,.420,1.0,1.5,.667,0.5,1.8,2.4,3.3,1.2,0.4,1.5,1.1,5.5
558,558,Ish Smith,PG,33,CHO,27,1,14.4,2.1,5.1,.403,0.3,0.7,.444,1.8,4.5,.397,.432,0.3,0.6,.563,0.1,1.3,1.4,2.8,0.6,0.3,1.1,1.0,4.8
559,559,Jalen Smith,PF,21,PHO,19,4,14.3,2.7,5.6,.491,0.4,1.4,.259,2.4,4.2,.570,.524,1.6,1.9,.838,2.3,3.1,5.3,0.3,0.2,0.6,0.7,1.7,7.5
560,560,Xavier Sneed,SF,24,MEM,2,0,4.0,0.0,1.0,.000,0.0,1.0,.000,0.0,0.0,,.000,0.0,0.0,,0.5,0.5,1.0,0.0,0.0,0.0,0.0,1.0,0.0
561,561,,,,,,,,,,,,,,,,,,,,,,,,,,,,,
562,562,Tony Snell,SG,30,POR,28,7,12.4,0.8,2.1,.356,0.6,1.6,.370,0.1,0.5,.308,.500,0.1,0.1,1.000,0.3,1.2,1.4,0.6,0.2,0.1,0.3,1.1,2.2
563,563,Jaden Springer,SG,19,PHI,2,0,3.0,0.5,0.5,1.000,0.0,0.0,,0.5,0.5,1.000,1.000,0.0,0.0,,0.5,0.5,1.0,0.0,0.0,1.0,0.5,0.0,1.0
564,564,Cassius Stanley,SG,22,DET,5,1,21.2,2.8,6.6,.424,0.8,2.4,.333,2.0,4.2,.476,.485,1.6,1.6,1.000,1.0,1.4,2.4,0.6,0.6,0.4,1.0,1.8,8.0
565,565,Nik Stauskas,SG,28,MIA,2,0,12.0,1.5,4.0,.375,1.0,2.0,.500,0.5,2.0,.250,.500,1.5,2.0,.750,0.5,1.0,1.5,0.5,0.0,0.0,0.0,0.5,5.5
566,566,Lance Stephenson,SG-SF,31,TOT,12,0,17.8,3.1,6.7,.463,0.7,2.4,.276,2.4,4.3,.569,.513,0.5,0.8,.667,0.3,2.7,3.0,3.5,0.6,0.0,1.3,1.9,7.3
567,567,Lance Stephenson,SF,31,ATL,6,0,11.7,0.8,2.2,.385,0.0,0.5,.000,0.8,1.7,.500,.385,0.2,0.3,.500,0.2,2.3,2.5,1.8,0.0,0.0,0.7,1.3,1.8
568,568,Lance Stephenson,SG,31,IND,6,0,23.8,5.3,11.2,.478,1.3,4.3,.308,4.0,6.8,.585,.537,0.8,1.2,.714,0.5,3.0,3.5,5.2,1.2,0.0,1.8,2.5,12.8
569,569,Lamar Stevens,PF,24,CLE,28,6,14.5,2.1,4.5,.468,0.4,1.3,.333,1.7,3.2,.522,.516,0.5,0.8,.667,0.7,1.6,2.3,0.6,0.4,0.2,0.5,1.5,5.1
570,570,Isaiah Stewart,C,20,DET,32,32,25.6,3.3,6.3,.527,0.1,0.6,.105,3.3,5.8,.571,.532,1.1,1.6,.673,2.6,5.6,8.3,1.1,0.4,1.3,1.3,2.8,7.8
571,571,Max Strus,SF,25,MIA,30,6,23.0,4.0,8.5,.469,2.6,6.3,.420,1.4,2.3,.603,.623,0.9,1.2,.771,0.4,3.1,3.4,1.2,0.3,0.1,0.7,1.5,11.5
572,572,Jalen Suggs,PG,20,ORL,21,21,27.8,4.1,12.2,.339,1.2,4.9,.255,2.9,7.4,.394,.389,2.8,3.6,.763,0.8,2.6,3.4,3.6,1.1,0.4,3.2,2.8,12.3
573,573,Craig Sword,SG,,WAS,3,0,6.3,1.0,1.3,.750,0.0,0.3,.000,1.0,1.0,1.000,.750,0.0,0.0,,0.0,0.0,0.0,0.3,1.3,0.0,0.3,2.3,2.0
574,574,Keifer Sykes,PG,28,IND,8,5,24.0,3.4,7.8,.435,1.3,4.1,.303,2.1,3.6,.586,.516,1.0,1.1,.889,0.3,2.1,2.4,3.3,0.6,0.1,1.3,2.3,9.0
575,575,Jae'Sean Tate,SF,26,HOU,41,40,27.3,4.9,9.8,.499,0.8,2.6,.299,4.1,7.2,.571,.539,1.9,2.7,.694,1.7,4.0,5.7,3.1,0.9,0.7,1.8,3.6,12.4
576,576,Jayson Tatum,SF,23,BOS,38,38,36.7,8.9,21.1,.420,2.8,8.4,.330,6.1,12.7,.479,.486,5.2,6.1,.841,1.1,7.3,8.4,3.7,1.0,0.8,2.9,2.4,25.7
577,577,Terry Taylor,SG,22,IND,2,0,3.0,0.0,0.0,,0.0,0.0,,0.0,0.0,,,0.0,0.0,,0.0,0.5,0.5,0.5,0.0,0.0,0.0,0.0,0.0
578,578,Garrett Temple,SG,35,NOP,39,12,19.7,2.2,5.4,.403,1.3,3.5,.358,0.9,1.9,.486,.519,0.6,0.8,.733,0.6,2.3,2.9,1.3,0.8,0.4,0.9,1.6,6.2
579,579,Emanuel Terry,PF,25,PHO,3,0,6.0,0.0,1.7,.000,0.0,0.0,,0.0,1.7,.000,.000,0.0,0.0,,2.7,2.3,5.0,0.7,0.3,0.0,1.7,1.3,0.0
580,580,Tyrell Terry,PG,21,MEM,2,0,1.5,0.5,0.5,1.000,0.0,0.0,,0.5,0.5,1.000,1.000,0.0,0.0,,0.0,0.0,0.0,0.0,0.0,0.0,0.0,0.5,1.0
581,581,Jon Teske,C,24,MEM,3,0,2.7,0.0,0.3,.000,0.0,0.0,,0.0,0.3,.000,.000,0.0,0.7,.000,0.0,0.7,0.7,0.3,0.3,0.0,0.0,0.3,0.0
582,582,Daniel Theis,C,29,HOU,25,21,23.1,3.4,7.1,.475,0.9,3.1,.295,2.4,4.0,.616,.540,1.1,1.6,.675,1.2,3.9,5.1,0.8,0.4,0.6,1.2,2.4,8.7
583,583,Brodric Thomas,SG,25,BOS,6,0,4.2,0.2,1.5,.111,0.0,1.0,.000,0.2,0.5,.333,.111,0.3,0.3,1.000,0.3,0.5,0.8,0.8,0.0,0.0,0.3,0.2,0.7
584,584,,,,,,,,,,,,,,,,,,,,,,,,,,,,,
585,585,Cam Thomas,SG,20,BRK,29,1,16.3,2.7,6.6,.411,0.6,2.6,.243,2.1,4.1,.517,.458,0.8,0.9,.815,0.2,2.2,2.4,1.2,0.5,0.1,0.7,0.6,6.8
586,586,Isaiah Thomas,PG,32,TOT,5,1,22.8,3.0,9.4,.319,1.0,5.0,.200,2.0,4.4,.455,.372,1.6,2.2,.727,0.2,1.4,1.6,2.0,0.0,0.4,1.0,2.4,8.6
587,587,Isaiah Thomas,PG,32,LAL,4,1,25.3,3.0,9.8,.308,1.3,5.5,.227,1.8,4.3,.412,.372,2.0,2.8,.727,0.3,1.8,2.0,1.5,0.0,0.5,1.3,3.0,9.3
588,588,Isaiah Thomas,PG,32,DAL,1,0,13.0,3.0,8.0,.375,0.0,3.0,.000,3.0,5.0,.600,.375,0.0,0.0,,0.0,0.0,0.0,4.0,0.0,0.0,0.0,0.0,6.0
589,589,Matt Thomas,SG,27,CHI,16,0,9.5,1.2,3.2,.373,0.8,2.0,.375,0.4,1.2,.368,.490,0.4,0.6,.700,0.1,0.8,0.9,0.4,0.2,0.1,0.1,0.3,3.6
590,590,Klay Thompson,SG,31,GSW,2,2,20.0,6.0,15.5,.387,2.5,6.5,.385,3.5,9.0,.389,.468,1.0,1.0,1.000,0.5,2.5,3.0,2.0,0.0,1.0,2.5,2.0,15.5
591,591,Tristan Thompson,PF,30,SAC,30,3,15.2,2.5,5.0,.503,0.0,0.0,1.000,2.5,5.0,.500,.507,1.1,2.0,.533,2.4,3.0,5.4,0.6,0.4,0.4,1.0,1.7,6.2
592,592,JT Thor,PF,19,CHO,10,0,10.9,0.9,2.5,.360,0.3,1.6,.188,0.6,0.9,.667,.420,0.5,0.8,.625,0.5,0.9,1.4,0.6,0.4,0.6,0.4,1.4,2.6
593,593,Matisse Thybulle,SG,24,PHI,31,16,25.7,2.4,4.8,.487,0.7,2.5,.286,1.6,2.4,.699,.560,0.3,0.3,.889,0.5,1.9,2.4,1.1,1.7,1.1,0.7,2.3,5.7
594,594,Killian Tillie,C,23,MEM,27,3,13.1,1.3,3.7,.343,0.8,2.4,.328,0.5,1.3,.371,.449,0.2,0.3,.625,0.7,1.1,1.8,0.5,0.7,0.5,0.3,1.6,3.5
595,595,Xavier Tillman Sr.,PF,23,MEM,31,0,14.5,1.9,4.4,.434,0.2,1.1,.182,1.7,3.3,.515,.456,0.9,1.4,.690,1.4,2.0,3.4,1.2,1.2,0.5,0.7,1.3,4.9
596,596,Isaiah Todd,PF,20,WAS,9,0,3.9,0.6,1.7,.333,0.4,1.1,.400,0.1,0.6,.200,.467,0.2,0.4,.500,0.2,0.8,1.0,0.1,0.2,0.2,0.1,0.1,1.8
597,597,Obi Toppin,PF,23,NYK,37,2,16.1,3.0,5.8,.526,0.3,1.6,.203,2.7,4.2,.649,.554,1.5,1.9,.786,1.0,2.7,3.7,1.0,0.3,0.5,0.8,1.5,7.9
598,598,Juan Toscano-Anderson,SF,28,GSW,38,4,16.3,1.9,3.7,.504,0.3,1.2,.239,1.6,2.5,.632,.543,0.7,1.1,.610,0.6,2.4,2.9,2.1,0.8,0.3,1.2,1.6,4.7
599,599,Karl-Anthony Towns,C,26,MIN,34,34,34.5,8.7,16.9,.516,2.3,5.4,.422,6.4,11.4,.560,.584,4.9,6.0,.814,2.9,6.3,9.3,3.7,1.1,1.2,3.5,3.7,24.6
600,600,Gary Trent Jr.,SG,23,TOR,33,32,34.0,6.1,14.5,.421,2.7,7.3,.368,3.4,7.1,.477,.515,1.5,1.8,.845,0.4,2.5,2.8,2.1,1.9,0.4,0.9,2.2,16.4
601,601,P.J. Tucker,PF,36,MIA,35,34,28.5,3.1,6.2,.498,1.4,2.9,.466,1.7,3.3,.526,.608,0.7,0.9,.697,1.7,4.0,5.7,2.2,0.8,0.3,0.9,2.3,8.2
602,602,Rayjon Tucker,SG,24,DEN,3,0,9.7,0.3,0.7,.500,0.3,0.7,.500,0.0,0.0,,.750,1.0,1.3,.750,0.3,1.0,1.3,1.3,0.3,0.0,0.0,1.0,2.0
603,603,Myles Turner,C,25,IND,41,41,29.4,4.8,9.4,.516,1.5,4.4,.339,3.3,5.0,.672,.595,1.9,2.5,.757,1.5,5.6,7.1,1.1,0.6,2.8,1.3,2.9,13.0
604,604,Jonas Valančiūnas,C,29,NOP,38,38,31.6,7.0,13.5,.520,1.0,2.3,.427,6.0,11.2,.540,.558,3.4,4.2,.823,3.5,8.6,12.1,2.4,0.6,0.9,2.4,3.1,18.5
605,605,Denzel Valentine,SG,28,TOT,23,0,9.6,1.1,2.9,.379,0.8,2.0,.404,0.3,0.8,.316,.523,0.0,0.0,,0.4,1.4,1.8,0.5,0.3,0.0,0.5,0.9,3.0
606,606,Denzel Valentine,SG,28,CLE,22,0,9.3,1.0,2.8,.371,0.8,2.0,.409,0.2,0.8,.278,.516,0.0,0.0,,0.4,1.3,1.7,0.5,0.3,0.0,0.5,0.8,2.9
607,607,Denzel Valentine,SG,28,UTA,1,0,17.0,2.0,4.0,.500,1.0,3.0,.333,1.0,1.0,1.000,.625,0.0,0.0,,0.0,3.0,3.0,0.0,1.0,0.0,2.0,3.0,5.0
608,608,Jarred Vanderbilt,PF,22,MIN,36,29,25.5,2.8,4.9,.567,0.1,0.3,.200,2.8,4.7,.589,.573,0.9,1.5,.642,3.2,5.9,9.1,1.4,1.6,0.8,1.1,2.7,6.6
609,609,,,,,,,,,,,,,,,,,,,,,,,,,,,,,
610,610,Fred VanVleet,PG,27,TOR,35,35,37.7,7.6,17.3,.441,3.8,9.4,.409,3.8,7.9,.478,.551,2.9,3.3,.879,0.8,4.1,4.9,6.6,1.7,0.5,2.7,2.4,22.0
611,611,Devin Vassell,SF,21,SAS,33,4,24.9,4.3,9.7,.448,1.7,4.8,.344,2.7,4.8,.553,.534,0.8,1.1,.750,0.7,3.3,3.9,1.4,0.9,0.7,0.8,2.0,11.2
612,612,Gabe Vincent,PG,25,MIA,33,10,21.8,3.2,7.2,.441,1.7,4.4,.384,1.5,2.8,.533,.559,0.7,0.9,.774,0.5,1.6,2.0,2.9,0.8,0.2,1.5,2.1,8.8
613,613,Nikola Vučević,C,31,CHI,32,32,33.1,6.7,15.5,.429,1.6,4.8,.335,5.0,10.7,.472,.482,1.0,1.4,.696,2.0,9.3,11.2,3.4,1.1,1.1,1.5,2.2,15.9
614,614,Dean Wade,PF,25,CLE,30,16,19.2,1.8,4.2,.429,0.9,2.6,.329,0.9,1.6,.596,.532,0.3,0.4,.769,0.8,2.5,3.3,1.2,0.5,0.1,0.4,1.5,4.8
615,615,Franz Wagner,SF,20,ORL,42,42,32.1,5.9,13.1,.450,1.3,3.5,.358,4.6,9.5,.484,.498,2.6,3.1,.846,1.2,3.5,4.7,2.8,1.0,0.5,1.5,2.2,15.6
616,616,Moritz Wagner,C,24,ORL,32,0,11.5,2.1,4.7,.450,0.9,2.7,.333,1.2,2.0,.609,.546,1.3,1.7,.792,0.5,1.8,2.3,0.8,0.2,0.2,0.8,1.9,6.5
617,617,Ish Wainright,PF,27,PHO,16,0,6.6,0.6,2.1,.294,0.3,1.3,.200,0.4,0.9,.429,.353,0.1,0.3,.500,0.7,0.6,1.3,0.5,0.4,0.1,0.4,1.3,1.6
618,618,Kemba Walker,PG,31,NYK,24,24,27.3,4.7,11.4,.414,2.4,6.0,.403,2.3,5.4,.426,.520,1.8,2.1,.840,0.5,3.1,3.5,3.6,0.8,0.2,1.4,1.2,13.6
619,619,Lonnie Walker IV,SG,23,SAS,37,6,22.8,4.3,10.8,.394,1.6,5.2,.306,2.7,5.6,.476,.468,1.6,1.9,.855,0.2,2.7,2.9,2.4,0.6,0.2,1.1,1.4,11.7
620,620,M.J. Walker,SG,23,PHO,2,0,4.0,0.0,2.0,.000,0.0,1.0,.000,0.0,1.0,.000,.000,0.0,0.0,,0.0,0.5,0.5,0.5,1.0,0.0,0.0,0.5,0.0
621,621,Derrick Walton,PG,26,DET,3,3,36.0,2.0,8.7,.231,1.0,4.3,.231,1.0,4.3,.231,.288,1.3,1.3,1.000,0.7,2.7,3.3,7.0,2.3,1.3,3.7,2.7,6.3
622,622,Brad Wanamaker,PG,32,TOT,23,2,13.9,1.2,3.3,.364,0.2,0.7,.235,1.0,2.6,.400,.390,1.0,1.1,.920,0.3,1.4,1.7,2.4,0.3,0.3,1.0,2.0,3.6
623,623,Brad Wanamaker,PG,32,IND,22,1,13.3,1.2,3.3,.361,0.2,0.8,.235,1.0,2.5,.400,.389,0.9,1.0,.909,0.3,1.3,1.6,2.2,0.2,0.3,1.0,1.9,3.5
624,624,Brad Wanamaker,PG,32,WAS,1,1,27.0,2.0,5.0,.400,0.0,0.0,,2.0,5.0,.400,.400,3.0,3.0,1.000,0.0,4.0,4.0,7.0,2.0,0.0,0.0,3.0,7.0
625,625,Duane Washington Jr.,PG,21,IND,11,6,20.5,2.9,8.5,.344,1.2,4.2,.283,1.7,4.3,.404,.414,1.3,1.7,.737,0.1,1.7,1.8,1.9,0.6,0.1,1.2,1.0,8.3
626,626,P.J. Washington,PF,23,CHO,25,3,24.8,3.6,8.0,.448,1.9,4.6,.409,1.7,3.4,.500,.565,1.2,1.7,.698,1.4,4.2,5.6,2.4,0.8,1.1,1.4,2.6,10.3
627,627,Yuta Watanabe,SF,27,TOR,15,3,20.1,2.5,6.4,.396,1.3,3.5,.365,1.3,2.9,.432,.495,0.8,1.5,.545,0.9,3.2,4.1,1.0,0.5,0.5,0.8,1.6,7.1
628,628,Tremont Waters,PG,24,TOT,3,0,16.7,1.3,4.7,.286,0.7,3.0,.222,0.7,1.7,.400,.357,0.0,0.0,,0.0,1.3,1.3,2.3,1.7,0.0,1.3,1.3,3.3
629,629,Tremont Waters,PG,24,TOR,2,0,21.0,1.5,6.0,.250,1.0,4.5,.222,0.5,1.5,.333,.333,0.0,0.0,,0.0,2.0,2.0,3.5,2.0,0.0,2.0,1.0,4.0
630,630,Tremont Waters,PG,24,WAS,1,0,8.0,1.0,2.0,.500,0.0,0.0,,1.0,2.0,.500,.500,0.0,0.0,,0.0,0.0,0.0,0.0,1.0,0.0,0.0,2.0,2.0
631,631,Trendon Watford,SF,21,POR,14,0,7.3,1.0,2.1,.467,0.0,0.0,,1.0,2.1,.467,.467,0.4,0.9,.500,0.6,1.6,2.2,0.6,0.1,0.4,0.4,0.6,2.4
632,632,Paul Watson,SF,27,OKC,9,3,17.3,1.3,3.9,.343,0.7,2.9,.231,0.7,1.0,.667,.429,0.1,0.2,.500,0.3,2.7,3.0,0.9,0.3,0.3,0.4,1.1,3.4
633,633,Quinndary Weatherspoon,SG,25,GSW,3,0,5.3,1.3,1.3,1.000,0.0,0.0,,1.3,1.3,1.000,1.000,0.0,0.0,,0.0,0.3,0.3,0.0,0.3,0.3,0.3,1.7,2.7
634,634,,,,,,,,,,,,,,,,,,,,,,,,,,,,,
635,635,Russell Westbrook,PG,33,LAL,42,42,35.5,7.1,16.2,.437,1.0,3.5,.288,6.1,12.7,.478,.468,3.5,5.4,.656,1.4,6.8,8.2,8.1,1.1,0.3,4.4,3.1,18.7
636,636,Coby White,PG,21,CHI,21,6,24.8,4.2,9.1,.461,1.9,4.9,.388,2.3,4.2,.545,.565,1.4,1.8,.789,0.1,2.4,2.5,2.3,0.5,0.2,1.2,2.2,11.7
637,637,Derrick White,SG,27,SAS,37,37,30.5,5.0,11.9,.423,1.5,5.2,.294,3.5,6.6,.524,.488,2.9,3.3,.869,0.5,3.0,3.5,5.5,1.2,0.9,1.6,2.2,14.5
638,638,Hassan Whiteside,C,32,UTA,36,3,16.4,3.3,5.2,.626,0.0,0.0,,3.3,5.2,.626,.626,1.7,2.5,.685,2.3,4.6,6.8,0.3,0.3,1.3,0.9,2.9,8.2
639,639,Joe Wieskamp,SG,22,SAS,11,0,5.9,1.0,1.9,.524,0.6,1.4,.467,0.4,0.5,.667,.690,0.3,0.6,.429,0.2,0.3,0.5,0.3,0.2,0.2,0.0,0.5,2.9
640,640,Aaron Wiggins,SG,23,OKC,22,12,20.9,2.7,5.4,.496,0.8,2.5,.315,1.9,3.0,.646,.567,1.0,1.4,.710,0.7,2.5,3.1,1.1,0.7,0.2,0.8,1.9,7.1
641,641,Andrew Wiggins,SF,26,GSW,36,36,31.6,6.9,14.3,.484,2.2,5.3,.421,4.7,9.0,.522,.562,2.6,3.7,.705,1.1,3.3,4.4,1.9,0.9,0.6,1.7,1.8,18.6
642,642,Brandon Williams,PG,22,POR,2,0,6.0,1.0,1.5,.667,0.0,0.0,,1.0,1.5,.667,.667,2.0,3.5,.571,0.0,1.0,1.0,1.0,0.0,0.0,0.0,0.0,4.0
643,643,Grant Williams,PF,23,BOS,37,11,22.9,2.4,5.0,.478,1.4,3.4,.416,1.0,1.6,.610,.620,1.0,1.1,.878,0.8,2.5,3.2,1.0,0.5,0.6,0.8,2.1,7.1
644,644,Kenrich Williams,SF,27,OKC,36,0,20.6,2.8,6.0,.465,0.8,2.1,.382,2.0,3.9,.511,.532,0.6,1.1,.538,1.4,2.6,4.0,1.9,1.0,0.1,0.8,1.7,7.0
645,645,Lou Williams,PG,35,ATL,27,0,14.4,2.3,6.4,.366,0.6,2.1,.304,1.7,4.3,.397,.416,1.2,1.4,.846,0.3,1.3,1.6,1.5,0.6,0.1,0.9,1.0,6.5
646,646,Patrick Williams,PF,20,CHI,5,5,25.0,2.6,4.6,.565,0.6,1.2,.500,2.0,3.4,.588,.630,0.8,0.8,1.000,0.2,2.0,2.2,0.6,0.6,0.4,0.4,1.8,6.6
647,647,Robert Williams,C,24,BOS,33,33,29.1,4.3,5.8,.749,0.0,0.0,,4.3,5.8,.749,.749,1.1,1.7,.661,3.8,5.2,9.0,1.7,0.8,2.2,1.2,2.0,9.8
648,648,Ziaire Williams,SF,20,MEM,24,3,19.0,2.4,5.9,.404,1.0,3.5,.294,1.3,2.3,.571,.493,0.3,0.4,.800,0.3,1.2,1.4,0.8,0.5,0.3,0.6,1.8,6.1
649,649,D.J. Wilson,PF,25,TOR,3,1,16.0,2.7,3.7,.727,0.0,0.7,.000,2.7,3.0,.889,.727,2.7,3.3,.800,0.3,4.3,4.7,1.3,1.7,0.3,0.7,1.7,8.0
650,650,Dylan Windler,SF,25,CLE,27,0,10.1,1.0,2.2,.433,0.6,1.6,.405,0.3,0.7,.500,.575,0.1,0.1,.750,0.4,1.4,1.9,0.9,0.3,0.1,0.4,1.0,2.7
651,651,Justise Winslow,SF,25,LAC,31,1,11.4,1.6,3.6,.446,0.2,0.8,.208,1.5,2.8,.511,.469,0.3,0.6,.474,0.6,2.5,3.0,1.1,0.5,0.4,0.9,1.0,3.7
652,652,Cassius Winston,PG,23,WAS,2,0,3.5,0.0,1.0,.000,0.0,1.0,.000,0.0,0.0,,.000,1.0,1.0,1.000,0.0,0.0,0.0,1.0,0.0,0.0,0.5,0.0,1.0
653,653,Christian Wood,C,26,HOU,40,39,30.8,6.4,13.3,.478,1.6,4.7,.344,4.8,8.7,.550,.538,2.9,4.7,.615,1.8,8.2,10.0,2.1,0.7,0.9,1.8,2.3,17.2
654,654,Robert Woodard II,SF,22,SAC,8,0,1.9,0.1,0.5,.250,0.1,0.1,1.000,0.0,0.4,.000,.375,0.3,0.3,1.000,0.0,0.3,0.3,0.0,0.0,0.0,0.1,0.3,0.6
655,655,,,,,,,,,,,,,,,,,,,,,,,,,,,,,
656,656,Delon Wright,SG,29,ATL,35,4,17.5,1.5,3.5,.426,0.5,1.3,.391,1.0,2.2,.447,.500,0.6,0.7,.846,0.8,2.1,2.9,2.5,0.7,0.2,0.7,0.6,4.1
657,657,McKinley Wright IV,PG,23,MIN,1,0,4.0,1.0,1.0,1.000,1.0,1.0,1.000,0.0,0.0,,1.500,0.0,0.0,,0.0,0.0,0.0,0.0,0.0,0.0,1.0,0.0,3.0
658,658,Moses Wright,PF,23,LAC,1,0,1.0,0.0,0.0,,0.0,0.0,,0.0,0.0,,,0.0,0.0,,0.0,0.0,0.0,1.0,0.0,0.0,0.0,0.0,0.0
659,659,Thaddeus Young,PF,33,SAS,23,0,14.0,2.8,5.0,.570,0.0,0.1,.000,2.8,4.8,.586,.570,0.3,0.8,.444,1.5,2.0,3.4,2.4,0.9,0.3,1.0,1.4,6.0
660,660,Trae Young,PG,23,ATL,36,36,34.6,9.5,21.0,.452,2.7,7.3,.365,6.8,13.7,.498,.515,6.1,6.8,.897,0.8,3.3,4.0,9.4,0.9,0.1,4.1,1.6,27.7
661,661,Omer Yurtseven,C,23,MIA,32,8,15.2,2.5,5.2,.479,0.0,0.2,.143,2.4,4.9,.494,.482,0.8,1.3,.643,1.8,4.7,6.5,1.1,0.5,0.5,1.0,1.8,5.8
662,662,Cody Zeller,C,29,POR,27,0,13.1,1.9,3.3,.567,0.0,0.1,.000,1.9,3.2,.593,.567,1.4,1.8,.776,1.9,2.8,4.6,0.8,0.3,0.2,0.7,2.1,5.2
663,663,Ivica Zubac,C,24,LAC,38,38,24.5,3.5,5.3,.660,0.0,0.0,,3.5,5.3,.660,.660,2.3,3.1,.741,2.7,5.4,8.1,1.1,0.5,1.1,1.3,2.4,9.3
